model,lr,hidden_size,batch_size,pooling_style,epoch,acc,execution_time
rnn,0.001,128,64,avg,1,0.78607131,0.89002347
rnn,0.001,128,64,avg,2,0.833722093,0.596405506
rnn,0.001,128,64,avg,3,0.840053316,0.610368013
rnn,0.001,128,64,avg,4,0.836721093,0.608373165
rnn,0.001,128,64,avg,5,0.836721093,0.611366272
rnn,0.001,128,64,avg,6,0.839386871,0.581444979
rnn,0.001,128,64,avg,7,0.832055981,0.587429762
rnn,0.001,128,64,avg,8,0.831389537,0.574464083
rnn,0.001,128,64,avg,9,0.829390203,0.588426828
rnn,0.001,128,64,avg,10,0.824725092,0.585434914
rnn,0.001,128,64,avg,11,0.823392203,0.574463606
rnn,0.001,128,64,avg,12,0.820393202,0.580448151
rnn,0.001,128,64,avg,13,0.819393535,0.600394487
rnn,0.001,128,64,avg,14,0.81706098,0.578453302
rnn,0.001,128,64,avg,15,0.81706098,0.574463844
rnn,0.001,128,64,max,1,0.705098301,0.675153732
rnn,0.001,128,64,max,2,0.779740087,0.648266792
rnn,0.001,128,64,max,3,0.815728091,0.71010232
rnn,0.001,128,64,max,4,0.820726425,0.642282248
rnn,0.001,128,64,max,5,0.829723426,0.652256012
rnn,0.001,128,64,max,6,0.825391536,0.668214083
rnn,0.001,128,64,max,7,0.819726758,0.680182219
rnn,0.001,128,64,max,8,0.815394868,0.697135925
rnn,0.001,128,64,max,9,0.822059314,0.698133469
rnn,0.001,128,64,max,10,0.812395868,0.681179047
rnn,0.001,128,64,max,11,0.825058314,0.684170485
rnn,0.001,128,64,max,12,0.804398534,0.694144249
rnn,0.001,128,64,max,13,0.819726758,0.698133945
rnn,0.001,128,64,max,14,0.81272909,0.70212245
rnn,0.001,128,64,max,15,0.818393869,0.706112146
rnn,0.001,128,128,avg,1,0.746084638,0.381954908
rnn,0.001,128,128,avg,2,0.815728091,0.364027023
rnn,0.001,128,128,avg,3,0.839720093,0.36203146
rnn,0.001,128,128,avg,4,0.839720093,0.359040022
rnn,0.001,128,128,avg,5,0.842719094,0.363029242
rnn,0.001,128,128,avg,6,0.835388204,0.376992464
rnn,0.001,128,128,avg,7,0.830056648,0.358042955
rnn,0.001,128,128,avg,8,0.836721093,0.377989054
rnn,0.001,128,128,avg,9,0.831389537,0.36302948
rnn,0.001,128,128,avg,10,0.83338887,0.363029242
rnn,0.001,128,128,avg,11,0.831722759,0.40890646
rnn,0.001,128,128,avg,12,0.828723759,0.411898851
rnn,0.001,128,128,avg,13,0.826391203,0.366021156
rnn,0.001,128,128,avg,14,0.825391536,0.368016243
rnn,0.001,128,128,avg,15,0.829056981,0.399930477
rnn,0.001,128,128,max,1,0.746084638,0.435834885
rnn,0.001,128,128,max,2,0.784405198,0.437829733
rnn,0.001,128,128,max,3,0.798400533,0.455781937
rnn,0.001,128,128,max,4,0.809396868,0.448800087
rnn,0.001,128,128,max,5,0.816394535,0.445808411
rnn,0.001,128,128,max,6,0.809396868,0.435834885
rnn,0.001,128,128,max,7,0.826724425,0.437829733
rnn,0.001,128,128,max,8,0.816727757,0.438826799
rnn,0.001,128,128,max,9,0.824725092,0.470741272
rnn,0.001,128,128,max,10,0.819060313,0.501658678
rnn,0.001,128,128,max,11,0.826057981,0.432843208
rnn,0.001,128,128,max,12,0.818393869,0.441818714
rnn,0.001,128,128,max,13,0.822392536,0.431845188
rnn,0.001,128,128,max,14,0.832722426,0.499664068
rnn,0.001,128,128,max,15,0.825391536,0.439824104
rnn,0.001,768,64,avg,1,0.847050983,2.638944626
rnn,0.001,768,64,avg,2,0.842052649,2.685818434
rnn,0.001,768,64,avg,3,0.835721426,2.665872574
rnn,0.001,768,64,avg,4,0.83038987,2.652908325
rnn,0.001,768,64,avg,5,0.823392203,2.667866707
rnn,0.001,768,64,avg,6,0.817727424,2.675846815
rnn,0.001,768,64,avg,7,0.827057647,2.657893896
rnn,0.001,768,64,avg,8,0.813728757,2.666870356
rnn,0.001,768,64,avg,9,0.815394868,2.712746859
rnn,0.001,768,64,avg,10,0.813062313,2.6758461
rnn,0.001,768,64,avg,11,0.810063312,2.66986227
rnn,0.001,768,64,avg,12,0.806064645,2.651909351
rnn,0.001,768,64,avg,13,0.809063645,2.667867661
rnn,0.001,768,64,avg,14,0.808063979,2.818464756
rnn,0.001,768,64,avg,15,0.799733422,2.692799568
rnn,0.001,768,64,max,1,0.819060313,3.027903557
rnn,0.001,768,64,max,2,0.821726091,3.081760645
rnn,0.001,768,64,max,3,0.842385871,3.294192076
rnn,0.001,768,64,max,4,0.809063645,3.569456816
rnn,0.001,768,64,max,5,0.792735755,3.44578743
rnn,0.001,768,64,max,6,0.815728091,4.209744215
rnn,0.001,768,64,max,7,0.804065312,5.13526988
rnn,0.001,768,64,max,8,0.835054982,4.61765337
rnn,0.001,768,64,max,9,0.807397534,3.722048283
rnn,0.001,768,64,max,10,0.829723426,3.934480429
rnn,0.001,768,64,max,11,0.827057647,3.163541794
rnn,0.001,768,64,max,12,0.815728091,4.259610891
rnn,0.001,768,64,max,13,0.810729757,3.362010241
rnn,0.001,768,64,max,14,0.819726758,3.039872408
rnn,0.001,768,64,max,15,0.817727424,2.952106714
rnn,0.001,768,128,avg,1,0.826724425,1.61962676
rnn,0.001,768,128,avg,2,0.842385871,1.613685608
rnn,0.001,768,128,avg,3,0.836054648,1.609696865
rnn,0.001,768,128,avg,4,0.835721426,1.601718187
rnn,0.001,768,128,avg,5,0.830056648,1.614682913
rnn,0.001,768,128,avg,6,0.824391869,1.599723101
rnn,0.001,768,128,avg,7,0.825724758,1.591744661
rnn,0.001,768,128,avg,8,0.826724425,1.604709864
rnn,0.001,768,128,avg,9,0.820393202,1.59373951
rnn,0.001,768,128,avg,10,0.822059314,1.639616489
rnn,0.001,768,128,avg,11,0.81706098,1.636624098
rnn,0.001,768,128,avg,12,0.813062313,1.625656605
rnn,0.001,768,128,avg,13,0.816394535,1.600720406
rnn,0.001,768,128,avg,14,0.811729424,1.703445673
rnn,0.001,768,128,avg,15,0.810063312,1.597728252
rnn,0.001,768,128,max,1,0.799066978,1.985646963
rnn,0.001,768,128,max,2,0.825391536,1.950784922
rnn,0.001,768,128,max,3,0.837387537,1.927845716
rnn,0.001,768,128,max,4,0.84371876,1.941808701
rnn,0.001,768,128,max,5,0.846051316,1.931834221
rnn,0.001,768,128,max,6,0.828723759,2.011621475
rnn,0.001,768,128,max,7,0.826057981,2.007632017
rnn,0.001,768,128,max,8,0.828057314,1.969733715
rnn,0.001,768,128,max,9,0.819726758,1.952778578
rnn,0.001,768,128,max,10,0.837054315,1.980704308
rnn,0.001,768,128,max,11,0.783072309,2.033562899
rnn,0.001,768,128,max,12,0.835054982,2.092405558
rnn,0.001,768,128,max,13,0.827724092,1.954773188
rnn,0.001,768,128,max,14,0.819393535,1.95377636
rnn,0.001,768,128,max,15,0.811396201,1.960757494
rnn,0.0001,128,64,avg,1,0.672442519,0.722069979
rnn,0.0001,128,64,avg,2,0.675108297,0.589424133
rnn,0.0001,128,64,avg,3,0.683772076,0.575461388
rnn,0.0001,128,64,avg,4,0.697434189,0.576459169
rnn,0.0001,128,64,avg,5,0.720759747,0.568479538
rnn,0.0001,128,64,avg,6,0.745418194,0.557509184
rnn,0.0001,128,64,avg,7,0.765078307,0.558506489
rnn,0.0001,128,64,avg,8,0.782739087,0.560501575
rnn,0.0001,128,64,avg,9,0.792735755,0.558506966
rnn,0.0001,128,64,avg,10,0.803065645,0.561498404
rnn,0.0001,128,64,avg,11,0.810729757,0.562496662
rnn,0.0001,128,64,avg,12,0.81706098,0.639290094
rnn,0.0001,128,64,avg,13,0.820393202,0.567482948
rnn,0.0001,128,64,avg,14,0.824391869,0.562495947
rnn,0.0001,128,64,avg,15,0.825391536,0.570474625
rnn,0.0001,128,64,max,1,0.649450183,0.631268978
rnn,0.0001,128,64,max,2,0.655448184,0.632309914
rnn,0.0001,128,64,max,3,0.661446185,0.640288353
rnn,0.0001,128,64,max,4,0.675108297,0.631312609
rnn,0.0001,128,64,max,5,0.68443852,0.647268772
rnn,0.0001,128,64,max,6,0.704765078,0.641285896
rnn,0.0001,128,64,max,7,0.714095302,0.642282486
rnn,0.0001,128,64,max,8,0.736421193,0.635301352
rnn,0.0001,128,64,max,9,0.745751416,0.634305
rnn,0.0001,128,64,max,10,0.754081973,0.634304047
rnn,0.0001,128,64,max,11,0.757080973,0.63530159
rnn,0.0001,128,64,max,12,0.765411529,0.631312132
rnn,0.0001,128,64,max,13,0.782072642,0.646272898
rnn,0.0001,128,64,max,14,0.782405865,0.63330698
rnn,0.0001,128,64,max,15,0.782405865,0.633306742
rnn,0.0001,128,128,avg,1,0.578807064,0.329076767
rnn,0.0001,128,128,avg,2,0.666777741,0.328122854
rnn,0.0001,128,128,avg,3,0.701766078,0.332112312
rnn,0.0001,128,128,avg,4,0.715428191,0.329120159
rnn,0.0001,128,128,avg,5,0.719093635,0.329119682
rnn,0.0001,128,128,avg,6,0.724091969,0.33310914
rnn,0.0001,128,128,avg,7,0.731089637,0.329120636
rnn,0.0001,128,128,avg,8,0.74041986,0.331114531
rnn,0.0001,128,128,avg,9,0.742752416,0.330117702
rnn,0.0001,128,128,avg,10,0.748750417,0.373999834
rnn,0.0001,128,128,avg,11,0.753415528,0.34507823
rnn,0.0001,128,128,avg,12,0.763745418,0.397936106
rnn,0.0001,128,128,avg,13,0.773408864,0.683173656
rnn,0.0001,128,128,avg,14,0.77874042,0.353055716
rnn,0.0001,128,128,avg,15,0.783072309,0.330117702
rnn,0.0001,128,128,max,1,0.675774742,0.390912294
rnn,0.0001,128,128,max,2,0.684771743,0.391952515
rnn,0.0001,128,128,max,3,0.689103632,0.419877529
rnn,0.0001,128,128,max,4,0.69176941,0.395941734
rnn,0.0001,128,128,max,5,0.700099967,0.393946886
rnn,0.0001,128,128,max,6,0.700766411,0.507642984
rnn,0.0001,128,128,max,7,0.707430856,0.390954256
rnn,0.0001,128,128,max,8,0.71976008,0.409904003
rnn,0.0001,128,128,max,9,0.719093635,0.446805716
rnn,0.0001,128,128,max,10,0.725424858,0.394944191
rnn,0.0001,128,128,max,11,0.729090303,0.397936583
rnn,0.0001,128,128,max,12,0.737087637,0.393947124
rnn,0.0001,128,128,max,13,0.744418527,0.40392065
rnn,0.0001,128,128,max,14,0.755081639,0.394943714
rnn,0.0001,128,128,max,15,0.752749084,0.393947363
rnn,0.0001,768,64,avg,1,0.724425192,2.632918596
rnn,0.0001,768,64,avg,2,0.783072309,2.60802722
rnn,0.0001,768,64,avg,3,0.812062646,2.610022306
rnn,0.0001,768,64,avg,4,0.822059314,2.800513029
rnn,0.0001,768,64,avg,5,0.830056648,2.764608383
rnn,0.0001,768,64,avg,6,0.83338887,2.618998051
rnn,0.0001,768,64,avg,7,0.837387537,2.605034828
rnn,0.0001,768,64,avg,8,0.840386538,2.823450565
rnn,0.0001,768,64,avg,9,0.841719427,2.839409351
rnn,0.0001,768,64,avg,10,0.841719427,2.702774286
rnn,0.0001,768,64,avg,11,0.843052316,2.64093852
rnn,0.0001,768,64,avg,12,0.844385205,2.645925283
rnn,0.0001,768,64,avg,13,0.846717761,2.618000746
rnn,0.0001,768,64,avg,14,0.845718094,2.633957624
rnn,0.0001,768,64,avg,15,0.844051983,2.620992899
rnn,0.0001,768,64,max,1,0.684105298,3.325066805
rnn,0.0001,768,64,max,2,0.728423859,3.111680031
rnn,0.0001,768,64,max,3,0.754748417,3.254299164
rnn,0.0001,768,64,max,4,0.80673109,3.650239944
rnn,0.0001,768,64,max,5,0.818393869,4.07410717
rnn,0.0001,768,64,max,6,0.826391203,3.254298687
rnn,0.0001,768,64,max,7,0.823392203,3.020923376
rnn,0.0001,768,64,max,8,0.814061979,3.148581505
rnn,0.0001,768,64,max,9,0.838387204,2.954101563
rnn,0.0001,768,64,max,10,0.837387537,2.97305131
rnn,0.0001,768,64,max,11,0.837387537,2.957093716
rnn,0.0001,768,64,max,12,0.839720093,2.957093477
rnn,0.0001,768,64,max,13,0.841386205,2.989008665
rnn,0.0001,768,64,max,14,0.844385205,2.959088087
rnn,0.0001,768,64,max,15,0.839053649,2.965072632
rnn,0.0001,768,128,avg,1,0.711429523,1.659520149
rnn,0.0001,768,128,avg,2,0.736754415,1.635627031
rnn,0.0001,768,128,avg,3,0.773408864,1.604709864
rnn,0.0001,768,128,avg,4,0.795068311,1.601717472
rnn,0.0001,768,128,avg,5,0.805731423,1.611691475
rnn,0.0001,768,128,avg,6,0.817394202,1.602714777
rnn,0.0001,768,128,avg,7,0.827057647,1.599723339
rnn,0.0001,768,128,avg,8,0.828390536,1.625653982
rnn,0.0001,768,128,avg,9,0.833722093,1.601718187
rnn,0.0001,768,128,avg,10,0.834055315,1.599723339
rnn,0.0001,768,128,avg,11,0.833722093,1.614682913
rnn,0.0001,768,128,avg,12,0.835388204,1.605707169
rnn,0.0001,768,128,avg,13,0.838720427,1.612689018
rnn,0.0001,768,128,avg,14,0.84071976,1.617675781
rnn,0.0001,768,128,avg,15,0.842385871,1.626651287
rnn,0.0001,768,128,max,1,0.692435855,1.949743271
rnn,0.0001,768,128,max,2,0.713428857,2.061488867
rnn,0.0001,768,128,max,3,0.754415195,1.951781511
rnn,0.0001,768,128,max,4,0.763412196,1.946794987
rnn,0.0001,768,128,max,5,0.796067977,1.9667418
rnn,0.0001,768,128,max,6,0.801732756,1.940811396
rnn,0.0001,768,128,max,7,0.800733089,1.951781034
rnn,0.0001,768,128,max,8,0.812395868,1.941808224
rnn,0.0001,768,128,max,9,0.815061646,2.196128607
rnn,0.0001,768,128,max,10,0.82005998,2.23602128
rnn,0.0001,768,128,max,11,0.820726425,2.178176403
rnn,0.0001,768,128,max,12,0.824391869,2.183162928
rnn,0.0001,768,128,max,13,0.824391869,2.287882566
rnn,0.0001,768,128,max,14,0.828057314,1.985691071
rnn,0.0001,768,128,max,15,0.829390203,1.97073102
rnn,1.00E-05,128,64,avg,1,0.559146951,0.565444946
rnn,1.00E-05,128,64,avg,2,0.582472509,0.573467016
rnn,1.00E-05,128,64,avg,3,0.603798734,0.567482948
rnn,1.00E-05,128,64,avg,4,0.611796068,0.576458216
rnn,1.00E-05,128,64,avg,5,0.626124625,0.579450846
rnn,1.00E-05,128,64,avg,6,0.645784738,0.565488577
rnn,1.00E-05,128,64,avg,7,0.65778074,0.569476843
rnn,1.00E-05,128,64,avg,8,0.665778074,0.782907486
rnn,1.00E-05,128,64,avg,9,0.671442852,0.740021467
rnn,1.00E-05,128,64,avg,10,0.677774075,0.572468996
rnn,1.00E-05,128,64,avg,11,0.682105965,0.570475101
rnn,1.00E-05,128,64,avg,12,0.687437521,0.586431742
rnn,1.00E-05,128,64,avg,13,0.693102299,0.571472406
rnn,1.00E-05,128,64,avg,14,0.692769077,0.568479776
rnn,1.00E-05,128,64,avg,15,0.6961013,0.568480253
rnn,1.00E-05,128,64,max,1,0.66377874,0.649220467
rnn,1.00E-05,128,64,max,2,0.657114295,0.643280029
rnn,1.00E-05,128,64,max,3,0.655114962,0.642282963
rnn,1.00E-05,128,64,max,4,0.656114628,0.683173656
rnn,1.00E-05,128,64,max,5,0.65778074,0.658239841
rnn,1.00E-05,128,64,max,6,0.65778074,0.640288353
rnn,1.00E-05,128,64,max,7,0.659113629,0.63929081
rnn,1.00E-05,128,64,max,8,0.659113629,0.637296438
rnn,1.00E-05,128,64,max,9,0.660446518,0.646272182
rnn,1.00E-05,128,64,max,10,0.662779074,0.642283678
rnn,1.00E-05,128,64,max,11,0.662112629,0.646271944
rnn,1.00E-05,128,64,max,12,0.663445518,0.662229061
rnn,1.00E-05,128,64,max,13,0.66377874,0.63929081
rnn,1.00E-05,128,64,max,14,0.664111963,0.642283678
rnn,1.00E-05,128,64,max,15,0.664445185,0.639291048
rnn,1.00E-05,128,128,avg,1,0.622125958,0.328079224
rnn,1.00E-05,128,128,avg,2,0.625458181,0.334106684
rnn,1.00E-05,128,128,avg,3,0.631122959,0.331114769
rnn,1.00E-05,128,128,avg,4,0.635121626,0.330116987
rnn,1.00E-05,128,128,avg,5,0.639120293,0.332112789
rnn,1.00E-05,128,128,avg,6,0.642452516,0.332111835
rnn,1.00E-05,128,128,avg,7,0.64745085,0.335103989
rnn,1.00E-05,128,128,avg,8,0.652115961,0.336101532
rnn,1.00E-05,128,128,avg,9,0.655448184,0.337098837
rnn,1.00E-05,128,128,avg,10,0.658780407,0.334106684
rnn,1.00E-05,128,128,avg,11,0.661446185,0.333109379
rnn,1.00E-05,128,128,avg,12,0.66377874,0.334106922
rnn,1.00E-05,128,128,avg,13,0.664111963,0.329119444
rnn,1.00E-05,128,128,avg,14,0.664445185,0.333110094
rnn,1.00E-05,128,128,avg,15,0.665444852,0.332112312
rnn,1.00E-05,128,128,max,1,0.597134289,0.391908407
rnn,1.00E-05,128,128,max,2,0.652449184,0.393946409
rnn,1.00E-05,128,128,max,3,0.661779407,0.398933887
rnn,1.00E-05,128,128,max,4,0.664111963,0.396938801
rnn,1.00E-05,128,128,max,5,0.666111296,0.40790987
rnn,1.00E-05,128,128,max,6,0.665444852,0.411898851
rnn,1.00E-05,128,128,max,7,0.665778074,0.409904242
rnn,1.00E-05,128,128,max,8,0.664445185,0.394943714
rnn,1.00E-05,128,128,max,9,0.665444852,0.398933649
rnn,1.00E-05,128,128,max,10,0.666777741,0.395941257
rnn,1.00E-05,128,128,max,11,0.666444518,0.395941734
rnn,1.00E-05,128,128,max,12,0.667777408,0.503654003
rnn,1.00E-05,128,128,max,13,0.66811063,0.399930716
rnn,1.00E-05,128,128,max,14,0.667777408,0.398932695
rnn,1.00E-05,128,128,max,15,0.668443852,0.397935867
rnn,1.00E-05,768,64,avg,1,0.73008997,2.70272994
rnn,1.00E-05,768,64,avg,2,0.732422526,2.609024525
rnn,1.00E-05,768,64,avg,3,0.731756081,2.62298727
rnn,1.00E-05,768,64,avg,4,0.733422193,2.617999792
rnn,1.00E-05,768,64,avg,5,0.733755415,2.615008831
rnn,1.00E-05,768,64,avg,6,0.736754415,2.622987509
rnn,1.00E-05,768,64,avg,7,0.74041986,2.617003679
rnn,1.00E-05,768,64,avg,8,0.742752416,2.612015486
rnn,1.00E-05,768,64,avg,9,0.746751083,2.610022068
rnn,1.00E-05,768,64,avg,10,0.749083639,2.633958101
rnn,1.00E-05,768,64,avg,11,0.752415861,2.609024048
rnn,1.00E-05,768,64,avg,12,0.755414862,2.628971815
rnn,1.00E-05,768,64,avg,13,0.763745418,2.615008116
rnn,1.00E-05,768,64,avg,14,0.768743752,2.635951757
rnn,1.00E-05,768,64,avg,15,0.773408864,2.607030153
rnn,1.00E-05,768,64,max,1,0.648117294,2.984975338
rnn,1.00E-05,768,64,max,2,0.659780073,2.976042986
rnn,1.00E-05,768,64,max,3,0.660446518,2.976042747
rnn,1.00E-05,768,64,max,4,0.660113296,2.976043224
rnn,1.00E-05,768,64,max,5,0.658447184,2.963078022
rnn,1.00E-05,768,64,max,6,0.666444518,3.021919966
rnn,1.00E-05,768,64,max,7,0.666444518,2.972053528
rnn,1.00E-05,768,64,max,8,0.670776408,3.069792509
rnn,1.00E-05,768,64,max,9,0.672442519,2.99200058
rnn,1.00E-05,768,64,max,10,0.679773409,2.96407485
rnn,1.00E-05,768,64,max,11,0.686104632,2.986016512
rnn,1.00E-05,768,64,max,12,0.692435855,3.043861866
rnn,1.00E-05,768,64,max,13,0.699433522,2.980032206
rnn,1.00E-05,768,64,max,14,0.705098301,2.985019445
rnn,1.00E-05,768,64,max,15,0.709763412,3.004965782
rnn,1.00E-05,768,128,avg,1,0.589136954,1.622619152
rnn,1.00E-05,768,128,avg,2,0.626457847,1.602715492
rnn,1.00E-05,768,128,avg,3,0.649450183,1.606703997
rnn,1.00E-05,768,128,avg,4,0.670443186,1.611691713
rnn,1.00E-05,768,128,avg,5,0.677440853,1.600720644
rnn,1.00E-05,768,128,avg,6,0.68577141,1.598726511
rnn,1.00E-05,768,128,avg,7,0.690436521,1.624657154
rnn,1.00E-05,768,128,avg,8,0.692769077,1.600720882
rnn,1.00E-05,768,128,avg,9,0.695101633,1.602714777
rnn,1.00E-05,768,128,avg,10,0.697767411,1.622662306
rnn,1.00E-05,768,128,avg,11,0.701432856,1.611690998
rnn,1.00E-05,768,128,avg,12,0.704431856,1.602715492
rnn,1.00E-05,768,128,avg,13,0.708763745,1.618673801
rnn,1.00E-05,768,128,avg,14,0.713095635,1.619669437
rnn,1.00E-05,768,128,avg,15,0.716427857,1.620667458
rnn,1.00E-05,768,128,max,1,0.651449517,1.958719015
rnn,1.00E-05,768,128,max,2,0.642785738,1.944800138
rnn,1.00E-05,768,128,max,3,0.646451183,1.97073102
rnn,1.00E-05,768,128,max,4,0.651449517,1.965744257
rnn,1.00E-05,768,128,max,5,0.655448184,1.946795225
rnn,1.00E-05,768,128,max,6,0.654115295,2.028576374
rnn,1.00E-05,768,128,max,7,0.659446851,1.980704069
rnn,1.00E-05,768,128,max,8,0.657447517,1.966741562
rnn,1.00E-05,768,128,max,9,0.666111296,1.955770969
rnn,1.00E-05,768,128,max,10,0.667110963,1.952779293
rnn,1.00E-05,768,128,max,11,0.668443852,2.233029127
rnn,1.00E-05,768,128,max,12,0.671442852,1.986688137
rnn,1.00E-05,768,128,max,13,0.675108297,1.964746952
rnn,1.00E-05,768,128,max,14,0.680773076,2.041541576
rnn,1.00E-05,768,128,max,15,0.685104965,1.946794987
lstm,0.001,128,64,avg,1,0.800066644,0.571428061
lstm,0.001,128,64,avg,2,0.835054982,0.565488577
lstm,0.001,128,64,avg,3,0.841719427,0.576458454
lstm,0.001,128,64,avg,4,0.843052316,0.567482948
lstm,0.001,128,64,avg,5,0.834721759,0.56748271
lstm,0.001,128,64,avg,6,0.832055981,0.570474625
lstm,0.001,128,64,avg,7,0.830723092,0.566485882
lstm,0.001,128,64,avg,8,0.826724425,0.566485405
lstm,0.001,128,64,avg,9,0.825391536,0.565488338
lstm,0.001,128,64,avg,10,0.820726425,0.580447912
lstm,0.001,128,64,avg,11,0.82305898,0.567482948
lstm,0.001,128,64,avg,12,0.822725758,0.577456236
lstm,0.001,128,64,avg,13,0.818393869,0.570474625
lstm,0.001,128,64,avg,14,0.821392869,0.56748271
lstm,0.001,128,64,avg,15,0.814395202,0.567482471
lstm,0.001,128,64,max,1,0.762745751,0.637252808
lstm,0.001,128,64,max,2,0.810396534,0.641285658
lstm,0.001,128,64,max,3,0.816727757,0.648267031
lstm,0.001,128,64,max,4,0.831722759,0.651259184
lstm,0.001,128,64,max,5,0.826724425,0.643280745
lstm,0.001,128,64,max,6,0.831389537,0.645274162
lstm,0.001,128,64,max,7,0.83338887,0.644278049
lstm,0.001,128,64,max,8,0.836387871,0.644278049
lstm,0.001,128,64,max,9,0.841052982,0.644277334
lstm,0.001,128,64,max,10,0.826391203,0.660234451
lstm,0.001,128,64,max,11,0.815394868,0.649263859
lstm,0.001,128,64,max,12,0.81706098,0.659237146
lstm,0.001,128,64,max,13,0.817727424,0.652256966
lstm,0.001,128,64,max,14,0.795734755,0.650261641
lstm,0.001,128,64,max,15,0.80973009,0.647269487
lstm,0.001,128,128,avg,1,0.737754082,0.33206892
lstm,0.001,128,128,avg,2,0.818393869,0.331114769
lstm,0.001,128,128,avg,3,0.835054982,0.335103989
lstm,0.001,128,128,avg,4,0.836387871,0.337099314
lstm,0.001,128,128,avg,5,0.837054315,0.342085361
lstm,0.001,128,128,avg,6,0.835721426,0.334106922
lstm,0.001,128,128,avg,7,0.832722426,0.334106684
lstm,0.001,128,128,avg,8,0.834388537,0.344079971
lstm,0.001,128,128,avg,9,0.832722426,0.334106445
lstm,0.001,128,128,avg,10,0.829056981,0.334106445
lstm,0.001,128,128,avg,11,0.82739087,0.333109617
lstm,0.001,128,128,avg,12,0.829723426,0.33510375
lstm,0.001,128,128,avg,13,0.825391536,0.337098837
lstm,0.001,128,128,avg,14,0.824391869,0.331115246
lstm,0.001,128,128,avg,15,0.825391536,0.33610177
lstm,0.001,128,128,max,1,0.660113296,0.391909122
lstm,0.001,128,128,max,2,0.732755748,0.415888071
lstm,0.001,128,128,max,3,0.767744085,0.396939754
lstm,0.001,128,128,max,4,0.787404199,0.400927544
lstm,0.001,128,128,max,5,0.815728091,0.398933649
lstm,0.001,128,128,max,6,0.826724425,0.408906698
lstm,0.001,128,128,max,7,0.832055981,0.40092802
lstm,0.001,128,128,max,8,0.822059314,0.399931192
lstm,0.001,128,128,max,9,0.821059647,0.398933172
lstm,0.001,128,128,max,10,0.823392203,0.399930954
lstm,0.001,128,128,max,11,0.825724758,0.399930954
lstm,0.001,128,128,max,12,0.823392203,0.396938801
lstm,0.001,128,128,max,13,0.822725758,0.402922869
lstm,0.001,128,128,max,14,0.830723092,0.399930716
lstm,0.001,128,128,max,15,0.828390536,0.402922392
lstm,0.001,768,64,avg,1,0.830056648,2.6039958
lstm,0.001,768,64,avg,2,0.836721093,2.634955645
lstm,0.001,768,64,avg,3,0.845384872,2.621989965
lstm,0.001,768,64,avg,4,0.837054315,2.60802722
lstm,0.001,768,64,avg,5,0.832055981,2.733692169
lstm,0.001,768,64,avg,6,0.813395535,2.643931389
lstm,0.001,768,64,avg,7,0.815728091,2.621989727
lstm,0.001,768,64,avg,8,0.824391869,2.625979662
lstm,0.001,768,64,avg,9,0.816394535,2.62298727
lstm,0.001,768,64,avg,10,0.814395202,2.643931389
lstm,0.001,768,64,avg,11,0.812062646,2.623984814
lstm,0.001,768,64,avg,12,0.807064312,2.625977993
lstm,0.001,768,64,avg,13,0.80673109,2.625980139
lstm,0.001,768,64,avg,14,0.805064978,2.631963491
lstm,0.001,768,64,avg,15,0.80673109,2.616006613
lstm,0.001,768,64,max,1,0.828723759,2.981983423
lstm,0.001,768,64,max,2,0.831056315,2.998981953
lstm,0.001,768,64,max,3,0.845051649,2.967067242
lstm,0.001,768,64,max,4,0.846384538,2.979035139
lstm,0.001,768,64,max,5,0.844051983,2.991999626
lstm,0.001,768,64,max,6,0.841386205,2.977040529
lstm,0.001,768,64,max,7,0.82739087,2.970059156
lstm,0.001,768,64,max,8,0.842052649,2.99000597
lstm,0.001,768,64,max,9,0.830723092,3.010950089
lstm,0.001,768,64,max,10,0.82739087,2.981029749
lstm,0.001,768,64,max,11,0.803732089,3.100709438
lstm,0.001,768,64,max,12,0.813395535,3.001974106
lstm,0.001,768,64,max,13,0.821059647,2.990005732
lstm,0.001,768,64,max,14,0.8023992,2.994992256
lstm,0.001,768,64,max,15,0.826057981,3.012944221
lstm,0.001,768,128,avg,1,0.835721426,1.609653234
lstm,0.001,768,128,avg,2,0.849716761,1.599725246
lstm,0.001,768,128,avg,3,0.843385538,1.608698845
lstm,0.001,768,128,avg,4,0.840386538,1.632634878
lstm,0.001,768,128,avg,5,0.840053316,1.602715015
lstm,0.001,768,128,avg,6,0.834721759,1.615680695
lstm,0.001,768,128,avg,7,0.824725092,1.609695911
lstm,0.001,768,128,avg,8,0.824725092,1.603712559
lstm,0.001,768,128,avg,9,0.825724758,1.604709625
lstm,0.001,768,128,avg,10,0.814395202,1.610693455
lstm,0.001,768,128,avg,11,0.816394535,1.60770154
lstm,0.001,768,128,avg,12,0.822392536,1.611691475
lstm,0.001,768,128,avg,13,0.816061313,1.606705189
lstm,0.001,768,128,avg,14,0.814061979,1.607702017
lstm,0.001,768,128,avg,15,0.814061979,1.606704473
lstm,0.001,768,128,max,1,0.770743086,1.966698885
lstm,0.001,768,128,max,2,0.80973009,1.956768274
lstm,0.001,768,128,max,3,0.836387871,1.972725391
lstm,0.001,768,128,max,4,0.836054648,1.96374917
lstm,0.001,768,128,max,5,0.834055315,1.953776121
lstm,0.001,768,128,max,6,0.833055648,1.96873641
lstm,0.001,768,128,max,7,0.831722759,1.973723412
lstm,0.001,768,128,max,8,0.837054315,1.982699156
lstm,0.001,768,128,max,9,0.83338887,1.973722935
lstm,0.001,768,128,max,10,0.836054648,1.95377636
lstm,0.001,768,128,max,11,0.832722426,2.079440355
lstm,0.001,768,128,max,12,0.831389537,1.95676899
lstm,0.001,768,128,max,13,0.830723092,1.977712154
lstm,0.001,768,128,max,14,0.828723759,1.964746714
lstm,0.001,768,128,max,15,0.824391869,1.957766056
lstm,0.0001,128,64,avg,1,0.712762413,0.56644249
lstm,0.0001,128,64,avg,2,0.726091303,0.569477558
lstm,0.0001,128,64,avg,3,0.731422859,0.579450607
lstm,0.0001,128,64,avg,4,0.742419194,0.572469711
lstm,0.0001,128,64,avg,5,0.757747418,0.589423895
lstm,0.0001,128,64,avg,6,0.770743086,0.569477558
lstm,0.0001,128,64,avg,7,0.780406531,0.577456236
lstm,0.0001,128,64,avg,8,0.790403199,0.568479776
lstm,0.0001,128,64,avg,9,0.796067977,0.574463606
lstm,0.0001,128,64,avg,10,0.8023992,0.627322674
lstm,0.0001,128,64,avg,11,0.811062979,0.585435152
lstm,0.0001,128,64,avg,12,0.816727757,0.582442522
lstm,0.0001,128,64,avg,13,0.822059314,0.569477558
lstm,0.0001,128,64,avg,14,0.825724758,0.57047534
lstm,0.0001,128,64,avg,15,0.83038987,0.571471691
lstm,0.0001,128,64,max,1,0.660113296,0.64124012
lstm,0.0001,128,64,max,2,0.67410863,0.653254032
lstm,0.0001,128,64,max,3,0.688437188,0.732042551
lstm,0.0001,128,64,max,4,0.708097301,0.660234928
lstm,0.0001,128,64,max,5,0.714095302,0.645275354
lstm,0.0001,128,64,max,6,0.732089304,0.647268772
lstm,0.0001,128,64,max,7,0.738753749,0.643280268
lstm,0.0001,128,64,max,8,0.746084638,0.657242298
lstm,0.0001,128,64,max,9,0.760746418,0.648267031
lstm,0.0001,128,64,max,10,0.77440853,0.646272182
lstm,0.0001,128,64,max,11,0.779406864,0.643280029
lstm,0.0001,128,64,max,12,0.78907031,0.654253244
lstm,0.0001,128,64,max,13,0.797067644,0.645274878
lstm,0.0001,128,64,max,14,0.790403199,0.646271467
lstm,0.0001,128,64,max,15,0.803398867,0.651259422
lstm,0.0001,128,128,avg,1,0.634455182,0.333073139
lstm,0.0001,128,128,avg,2,0.714761746,0.334106684
lstm,0.0001,128,128,avg,3,0.73742086,0.333109856
lstm,0.0001,128,128,avg,4,0.73742086,0.333109617
lstm,0.0001,128,128,avg,5,0.739753416,0.334107161
lstm,0.0001,128,128,avg,6,0.740753082,0.335104465
lstm,0.0001,128,128,avg,7,0.74341886,0.347072363
lstm,0.0001,128,128,avg,8,0.748083972,0.34009099
lstm,0.0001,128,128,avg,9,0.754748417,0.336101532
lstm,0.0001,128,128,avg,10,0.761412862,0.336100817
lstm,0.0001,128,128,avg,11,0.768743752,0.334107161
lstm,0.0001,128,128,avg,12,0.777740753,0.335104227
lstm,0.0001,128,128,avg,13,0.786737754,0.333109617
lstm,0.0001,128,128,avg,14,0.794068644,0.347072124
lstm,0.0001,128,128,avg,15,0.7964012,0.336101532
lstm,0.0001,128,128,max,1,0.665778074,0.394903183
lstm,0.0001,128,128,max,2,0.667777408,0.399923563
lstm,0.0001,128,128,max,3,0.672775741,0.398934841
lstm,0.0001,128,128,max,4,0.679440187,0.41987586
lstm,0.0001,128,128,max,5,0.686104632,0.409904718
lstm,0.0001,128,128,max,6,0.6991003,0.406912327
lstm,0.0001,128,128,max,7,0.701099633,0.398933649
lstm,0.0001,128,128,max,8,0.720093302,0.399930239
lstm,0.0001,128,128,max,9,0.722425858,0.400928497
lstm,0.0001,128,128,max,10,0.738420526,0.405914783
lstm,0.0001,128,128,max,11,0.73742086,0.40092802
lstm,0.0001,128,128,max,12,0.749416861,0.40292263
lstm,0.0001,128,128,max,13,0.754748417,0.398933411
lstm,0.0001,128,128,max,14,0.769410197,0.400928259
lstm,0.0001,128,128,max,15,0.765411529,0.400928259
lstm,0.0001,768,64,avg,1,0.728090636,2.59701395
lstm,0.0001,768,64,avg,2,0.781406198,2.62498188
lstm,0.0001,768,64,avg,3,0.803732089,2.619995356
lstm,0.0001,768,64,avg,4,0.816394535,2.662880898
lstm,0.0001,768,64,avg,5,0.828057314,2.632961273
lstm,0.0001,768,64,avg,6,0.829390203,2.649915695
lstm,0.0001,768,64,avg,7,0.829723426,2.624982119
lstm,0.0001,768,64,avg,8,0.834721759,2.720726013
lstm,0.0001,768,64,avg,9,0.836721093,2.631962538
lstm,0.0001,768,64,avg,10,0.840053316,2.639941454
lstm,0.0001,768,64,avg,11,0.840386538,2.618014574
lstm,0.0001,768,64,avg,12,0.839386871,2.711750746
lstm,0.0001,768,64,avg,13,0.839053649,2.657894373
lstm,0.0001,768,64,avg,14,0.838720427,2.627974749
lstm,0.0001,768,64,avg,15,0.840053316,2.625980377
lstm,0.0001,768,64,max,1,0.727424192,2.990995884
lstm,0.0001,768,64,max,2,0.795068311,2.991003275
lstm,0.0001,768,64,max,3,0.808397201,2.983024836
lstm,0.0001,768,64,max,4,0.82005998,2.985019445
lstm,0.0001,768,64,max,5,0.824725092,2.995990038
lstm,0.0001,768,64,max,6,0.82739087,2.986016989
lstm,0.0001,768,64,max,7,0.831056315,2.99200058
lstm,0.0001,768,64,max,8,0.834055315,2.992997885
lstm,0.0001,768,64,max,9,0.83338887,2.987013817
lstm,0.0001,768,64,max,10,0.835054982,2.974048615
lstm,0.0001,768,64,max,11,0.835054982,3.187477589
lstm,0.0001,768,64,max,12,0.838720427,3.021920681
lstm,0.0001,768,64,max,13,0.836721093,2.992000103
lstm,0.0001,768,64,max,14,0.837054315,3.107691288
lstm,0.0001,768,64,max,15,0.840386538,2.994992018
lstm,0.0001,768,128,avg,1,0.715428191,1.619626284
lstm,0.0001,768,128,avg,2,0.744418527,1.606703758
lstm,0.0001,768,128,avg,3,0.783405531,1.601717949
lstm,0.0001,768,128,avg,4,0.806397867,1.615680456
lstm,0.0001,768,128,avg,5,0.82005998,1.621663809
lstm,0.0001,768,128,avg,6,0.82739087,1.615681171
lstm,0.0001,768,128,avg,7,0.831389537,1.611691236
lstm,0.0001,768,128,avg,8,0.835054982,1.612688065
lstm,0.0001,768,128,avg,9,0.837387537,1.609696388
lstm,0.0001,768,128,avg,10,0.840386538,1.608698606
lstm,0.0001,768,128,avg,11,0.841052982,1.620667458
lstm,0.0001,768,128,avg,12,0.844385205,1.61169076
lstm,0.0001,768,128,avg,13,0.844385205,1.612688541
lstm,0.0001,768,128,avg,14,0.845718094,1.607701778
lstm,0.0001,768,128,avg,15,0.845384872,1.605707645
lstm,0.0001,768,128,max,1,0.697767411,1.97866416
lstm,0.0001,768,128,max,2,0.723092303,1.968735933
lstm,0.0001,768,128,max,3,0.765411529,1.972726583
lstm,0.0001,768,128,max,4,0.790736421,1.958762169
lstm,0.0001,768,128,max,5,0.801732756,1.961755514
lstm,0.0001,768,128,max,6,0.807730756,1.968736172
lstm,0.0001,768,128,max,7,0.81706098,1.978709459
lstm,0.0001,768,128,max,8,0.821392869,1.965744019
lstm,0.0001,768,128,max,9,0.827724092,1.957766056
lstm,0.0001,768,128,max,10,0.83038987,1.96175456
lstm,0.0001,768,128,max,11,0.831389537,1.979707003
lstm,0.0001,768,128,max,12,0.83038987,1.978709459
lstm,0.0001,768,128,max,13,0.835721426,1.965744495
lstm,0.0001,768,128,max,14,0.83038987,1.97073102
lstm,0.0001,768,128,max,15,0.833055648,1.975717783
lstm,1.00E-05,128,64,avg,1,0.582139287,0.587388039
lstm,1.00E-05,128,64,avg,2,0.610463179,0.655247688
lstm,1.00E-05,128,64,avg,3,0.627790736,0.574463844
lstm,1.00E-05,128,64,avg,4,0.640786405,0.589424133
lstm,1.00E-05,128,64,avg,5,0.65778074,0.589423656
lstm,1.00E-05,128,64,avg,6,0.669443519,0.576458931
lstm,1.00E-05,128,64,avg,7,0.676107964,0.570474863
lstm,1.00E-05,128,64,avg,8,0.68443852,0.573466539
lstm,1.00E-05,128,64,avg,9,0.687770743,0.572469711
lstm,1.00E-05,128,64,avg,10,0.688103965,0.580447912
lstm,1.00E-05,128,64,avg,11,0.689103632,0.572469234
lstm,1.00E-05,128,64,avg,12,0.689436854,0.570474625
lstm,1.00E-05,128,64,avg,13,0.689103632,0.574464321
lstm,1.00E-05,128,64,avg,14,0.690103299,0.571472645
lstm,1.00E-05,128,64,avg,15,0.689103632,0.573467493
lstm,1.00E-05,128,64,max,1,0.559480173,0.64124155
lstm,1.00E-05,128,64,max,2,0.633455515,0.648266554
lstm,1.00E-05,128,64,max,3,0.644118627,0.65824008
lstm,1.00E-05,128,64,max,4,0.651782739,0.653253555
lstm,1.00E-05,128,64,max,5,0.652449184,0.669211626
lstm,1.00E-05,128,64,max,6,0.65344885,0.650261641
lstm,1.00E-05,128,64,max,7,0.653782073,0.656245947
lstm,1.00E-05,128,64,max,8,0.654115295,0.651258469
lstm,1.00E-05,128,64,max,9,0.655114962,0.677189827
lstm,1.00E-05,128,64,max,10,0.654781739,0.651258707
lstm,1.00E-05,128,64,max,11,0.655448184,0.659237146
lstm,1.00E-05,128,64,max,12,0.655114962,0.649263859
lstm,1.00E-05,128,64,max,13,0.655114962,0.648267031
lstm,1.00E-05,128,64,max,14,0.656114628,0.65225625
lstm,1.00E-05,128,64,max,15,0.658113962,0.649264097
lstm,1.00E-05,128,128,avg,1,0.464178607,0.332068205
lstm,1.00E-05,128,128,avg,2,0.478840387,0.335104227
lstm,1.00E-05,128,128,avg,3,0.489503499,0.335103989
lstm,1.00E-05,128,128,avg,4,0.502165945,0.335104465
lstm,1.00E-05,128,128,avg,5,0.513495501,0.348069906
lstm,1.00E-05,128,128,avg,6,0.52215928,0.336101055
lstm,1.00E-05,128,128,avg,7,0.537487504,0.336101055
lstm,1.00E-05,128,128,avg,8,0.548150616,0.348069429
lstm,1.00E-05,128,128,avg,9,0.56047984,0.336101294
lstm,1.00E-05,128,128,avg,10,0.573142286,0.336101532
lstm,1.00E-05,128,128,avg,11,0.583472176,0.337098122
lstm,1.00E-05,128,128,avg,12,0.594135288,0.338096142
lstm,1.00E-05,128,128,avg,13,0.604131956,0.336101294
lstm,1.00E-05,128,128,avg,14,0.616127957,0.336102009
lstm,1.00E-05,128,128,avg,15,0.624791736,0.337099075
lstm,1.00E-05,128,128,max,1,0.334221926,0.393903732
lstm,1.00E-05,128,128,max,2,0.334888371,0.399930716
lstm,1.00E-05,128,128,max,3,0.346884372,0.412896156
lstm,1.00E-05,128,128,max,4,0.37754082,0.403920174
lstm,1.00E-05,128,128,max,5,0.444185272,0.402922869
lstm,1.00E-05,128,128,max,6,0.509496834,0.401925564
lstm,1.00E-05,128,128,max,7,0.568477174,0.402923346
lstm,1.00E-05,128,128,max,8,0.603132289,0.402921915
lstm,1.00E-05,128,128,max,9,0.626457847,0.401925087
lstm,1.00E-05,128,128,max,10,0.634788404,0.401925564
lstm,1.00E-05,128,128,max,11,0.642119294,0.402922392
lstm,1.00E-05,128,128,max,12,0.648783739,0.401925087
lstm,1.00E-05,128,128,max,13,0.651116295,0.405915022
lstm,1.00E-05,128,128,max,14,0.653115628,0.401925564
lstm,1.00E-05,128,128,max,15,0.655114962,0.405914783
lstm,1.00E-05,768,64,avg,1,0.528823725,2.613974571
lstm,1.00E-05,768,64,avg,2,0.616127957,2.625979424
lstm,1.00E-05,768,64,avg,3,0.655781406,2.634955883
lstm,1.00E-05,768,64,avg,4,0.67410863,2.628971577
lstm,1.00E-05,768,64,avg,5,0.681106298,2.63296032
lstm,1.00E-05,768,64,avg,6,0.687770743,2.629968166
lstm,1.00E-05,768,64,avg,7,0.694435188,2.618000507
lstm,1.00E-05,768,64,avg,8,0.701432856,2.658891439
lstm,1.00E-05,768,64,avg,9,0.707097634,2.624981642
lstm,1.00E-05,768,64,avg,10,0.716427857,2.62996912
lstm,1.00E-05,768,64,avg,11,0.723425525,2.621990681
lstm,1.00E-05,768,64,avg,12,0.728757081,2.745657921
lstm,1.00E-05,768,64,avg,13,0.735421526,2.643931389
lstm,1.00E-05,768,64,avg,14,0.74341886,2.801509619
lstm,1.00E-05,768,64,avg,15,0.749416861,2.623984575
lstm,1.00E-05,768,64,max,1,0.636454515,3.009909153
lstm,1.00E-05,768,64,max,2,0.650116628,2.98701334
lstm,1.00E-05,768,64,max,3,0.652782406,3.006960392
lstm,1.00E-05,768,64,max,4,0.658447184,3.008955717
lstm,1.00E-05,768,64,max,5,0.661112962,2.991003036
lstm,1.00E-05,768,64,max,6,0.66811063,2.987014294
lstm,1.00E-05,768,64,max,7,0.674775075,2.999978542
lstm,1.00E-05,768,64,max,8,0.679773409,2.981029272
lstm,1.00E-05,768,64,max,9,0.686104632,2.991003513
lstm,1.00E-05,768,64,max,10,0.693435521,2.982026815
lstm,1.00E-05,768,64,max,11,0.698433855,3.007957697
lstm,1.00E-05,768,64,max,12,0.705431523,2.99200058
lstm,1.00E-05,768,64,max,13,0.711096301,2.980031967
lstm,1.00E-05,768,64,max,14,0.719426858,3.013941765
lstm,1.00E-05,768,64,max,15,0.726757747,2.993994713
lstm,1.00E-05,768,128,avg,1,0.55014995,1.610650301
lstm,1.00E-05,768,128,avg,2,0.605798067,1.604709864
lstm,1.00E-05,768,128,avg,3,0.639786738,1.718405962
lstm,1.00E-05,768,128,avg,4,0.668777074,1.607702255
lstm,1.00E-05,768,128,avg,5,0.677774075,1.603711843
lstm,1.00E-05,768,128,avg,6,0.68143952,1.613686323
lstm,1.00E-05,768,128,avg,7,0.683438854,1.605707169
lstm,1.00E-05,768,128,avg,8,0.687437521,1.60869956
lstm,1.00E-05,768,128,avg,9,0.69176941,1.607702255
lstm,1.00E-05,768,128,avg,10,0.6961013,1.626651764
lstm,1.00E-05,768,128,avg,11,0.697434189,1.613685608
lstm,1.00E-05,768,128,avg,12,0.700766411,1.605707169
lstm,1.00E-05,768,128,avg,13,0.704765078,1.612689972
lstm,1.00E-05,768,128,avg,14,0.708430523,1.610694408
lstm,1.00E-05,768,128,avg,15,0.712762413,1.613686085
lstm,1.00E-05,768,128,max,1,0.667444185,1.990633965
lstm,1.00E-05,768,128,max,2,0.668777074,1.959760189
lstm,1.00E-05,768,128,max,3,0.671442852,1.971728325
lstm,1.00E-05,768,128,max,4,0.672442519,1.957766056
lstm,1.00E-05,768,128,max,5,0.675774742,1.96574378
lstm,1.00E-05,768,128,max,6,0.685104965,1.988682985
lstm,1.00E-05,768,128,max,7,0.68577141,1.957765818
lstm,1.00E-05,768,128,max,8,0.68877041,1.982698679
lstm,1.00E-05,768,128,max,9,0.693102299,1.958763123
lstm,1.00E-05,768,128,max,10,0.695768077,1.967739105
lstm,1.00E-05,768,128,max,11,0.700099967,1.981702089
lstm,1.00E-05,768,128,max,12,0.704098634,1.964746714
lstm,1.00E-05,768,128,max,13,0.705431523,1.968736649
lstm,1.00E-05,768,128,max,14,0.708097301,1.958763361
lstm,1.00E-05,768,128,max,15,0.717094302,1.952779293
bert,0.001,128,64,avg,1,0.833055648,52.27273965
bert,0.001,128,64,avg,2,0.795401533,52.33207917
bert,0.001,128,64,avg,3,0.834055315,51.79950404
bert,0.001,128,64,avg,4,0.815394868,52.91053343
bert,0.001,128,64,avg,5,0.824725092,53.42316246
bert,0.001,128,64,avg,6,0.8023992,54.27089596
bert,0.001,128,64,avg,7,0.813062313,55.78085756
bert,0.001,128,64,avg,8,0.77440853,58.45371938
bert,0.001,128,64,avg,9,0.7994002,59.9596858
bert,0.001,128,64,avg,10,0.806064645,62.39417744
bert,0.001,128,64,avg,11,0.803398867,63.46630478
bert,0.001,128,64,avg,12,0.796067977,65.44301796
bert,0.001,128,64,avg,13,0.783738754,67.93036747
bert,0.001,128,64,avg,14,0.792735755,72.77042556
bert,0.001,128,64,avg,15,0.792735755,74.34621263
bert,0.001,128,64,max,1,0.842385871,53.09698892
bert,0.001,128,64,max,2,0.817727424,53.14290595
bert,0.001,128,64,max,3,0.811729424,53.13093805
bert,0.001,128,64,max,4,0.832389204,53.50394082
bert,0.001,128,64,max,5,0.82005998,53.93279433
bert,0.001,128,64,max,6,0.801732756,54.42447972
bert,0.001,128,64,max,7,0.751749417,54.13924146
bert,0.001,128,64,max,8,0.794735088,54.50227094
bert,0.001,128,64,max,9,0.756747751,55.21037793
bert,0.001,128,64,max,10,0.797067644,55.8746016
bert,0.001,128,64,max,11,0.798733755,58.45071387
bert,0.001,128,64,max,12,0.791402866,59.62756848
bert,0.001,128,64,max,13,0.818060646,60.78858614
bert,0.001,128,64,max,14,0.804065312,61.32337904
bert,0.001,128,64,max,15,0.799066978,62.27862859
bert,0.001,128,128,avg,1,0.813062313,47.55598688
bert,0.001,128,128,avg,2,0.831056315,47.66272354
bert,0.001,128,128,avg,3,0.815394868,47.74648309
bert,0.001,128,128,avg,4,0.819060313,47.89605165
bert,0.001,128,128,avg,5,0.81706098,48.42851901
bert,0.001,128,128,avg,6,0.7994002,47.89405274
bert,0.001,128,128,avg,7,0.76107964,47.75445962
bert,0.001,128,128,avg,8,0.793402199,47.89505553
bert,0.001,128,128,avg,9,0.819060313,48.02867031
bert,0.001,128,128,avg,10,0.801399533,48.39960217
bert,0.001,128,128,avg,11,0.784738421,49.07166624
bert,0.001,128,128,avg,12,0.82005998,49.2990129
bert,0.001,128,128,avg,13,0.804398534,50.33602428
bert,0.001,128,128,avg,14,0.797734089,51.27432156
bert,0.001,128,128,avg,15,0.804065312,51.45679712
bert,0.001,128,128,max,1,0.829056981,47.09830642
bert,0.001,128,128,max,2,0.80973009,47.3067503
bert,0.001,128,128,max,3,0.788403865,47.27732515
bert,0.001,128,128,max,4,0.792735755,47.04327154
bert,0.001,128,128,max,5,0.8023992,47.01435423
bert,0.001,128,128,max,6,0.783738754,46.91363835
bert,0.001,128,128,max,7,0.800399867,46.67730975
bert,0.001,128,128,max,8,0.818060646,46.74810553
bert,0.001,128,128,max,9,0.799733422,46.99939585
bert,0.001,128,128,max,10,0.765411529,46.75309062
bert,0.001,128,128,max,11,0.795401533,46.768049
bert,0.001,128,128,max,12,0.815394868,46.58257246
bert,0.001,128,128,max,13,0.752082639,47.03728867
bert,0.001,128,128,max,14,0.811396201,46.74511385
bert,0.001,128,128,max,15,0.809063645,46.69824505
bert,0.001,768,64,avg,1,0.775074975,51.89454746
bert,0.001,768,64,avg,2,0.80673109,51.95042801
bert,0.001,768,64,avg,3,0.828390536,52.11396599
bert,0.001,768,64,avg,4,0.818393869,52.35029984
bert,0.001,768,64,avg,5,0.818060646,52.24359918
bert,0.001,768,64,avg,6,0.801066311,53.08921432
bert,0.001,768,64,avg,7,0.826057981,54.57402492
bert,0.001,768,64,avg,8,0.783405531,54.97888112
bert,0.001,768,64,avg,9,0.809063645,57.96377969
bert,0.001,768,64,avg,10,0.821726091,60.16178179
bert,0.001,768,64,avg,11,0.806064645,61.03335881
bert,0.001,768,64,avg,12,0.788070643,64.76398945
bert,0.001,768,64,avg,13,0.807397534,67.11345887
bert,0.001,768,64,avg,14,0.803065645,69.8398807
bert,0.001,768,64,avg,15,0.787404199,71.20508599
bert,0.001,768,64,max,1,0.769076974,50.93338513
bert,0.001,768,64,max,2,0.807730756,50.92445636
bert,0.001,768,64,max,3,0.826724425,51.05309796
bert,0.001,768,64,max,4,0.828057314,51.075037
bert,0.001,768,64,max,5,0.817727424,51.14284873
bert,0.001,768,64,max,6,0.754081973,51.00423455
bert,0.001,768,64,max,7,0.805064978,51.27448297
bert,0.001,768,64,max,8,0.814061979,51.4170866
bert,0.001,768,64,max,9,0.822392536,51.80999494
bert,0.001,768,64,max,10,0.825058314,52.09021568
bert,0.001,768,64,max,11,0.810396534,52.38938451
bert,0.001,768,64,max,12,0.805064978,53.37636209
bert,0.001,768,64,max,13,0.797400866,54.83623886
bert,0.001,768,64,max,14,0.825058314,56.49767017
bert,0.001,768,64,max,15,0.794068644,57.98857188
bert,0.001,768,128,avg,1,0.835388204,45.9755559
bert,0.001,768,128,avg,2,0.832055981,57.4680028
bert,0.001,768,128,avg,3,0.814061979,57.39719796
bert,0.001,768,128,avg,4,0.817727424,52.2393775
bert,0.001,768,128,avg,5,0.762079307,50.3386035
bert,0.001,768,128,avg,6,0.810729757,51.08455253
bert,0.001,768,128,avg,7,0.780739753,50.37749648
bert,0.001,768,128,avg,8,0.802065978,50.87512755
bert,0.001,768,128,avg,9,0.809063645,50.52110219
bert,0.001,768,128,avg,10,0.792735755,50.93995047
bert,0.001,768,128,avg,11,0.798400533,51.36079335
bert,0.001,768,128,avg,12,0.804398534,51.52833295
bert,0.001,768,128,avg,13,0.786737754,52.00302768
bert,0.001,768,128,avg,14,0.791069643,52.54154801
bert,0.001,768,128,avg,15,0.802065978,52.90355277
bert,0.001,768,128,max,1,0.828390536,50.13322449
bert,0.001,768,128,max,2,0.834721759,50.51220989
bert,0.001,768,128,max,3,0.787737421,50.57803082
bert,0.001,768,128,max,4,0.786737754,50.38056898
bert,0.001,768,128,max,5,0.839053649,50.99589109
bert,0.001,768,128,max,6,0.806064645,51.00885582
bert,0.001,768,128,max,7,0.800066644,51.80368781
bert,0.001,768,128,max,8,0.7994002,51.71692228
bert,0.001,768,128,max,9,0.755748084,51.20631671
bert,0.001,768,128,max,10,0.824725092,51.3299799
bert,0.001,768,128,max,11,0.787737421,51.63016057
bert,0.001,768,128,max,12,0.813395535,51.35092211
bert,0.001,768,128,max,13,0.763078974,51.12952638
bert,0.001,768,128,max,14,0.766411196,51.02281666
bert,0.001,768,128,max,15,0.810396534,51.10060525
bert,0.0001,128,64,avg,1,0.839053649,56.05509019
bert,0.0001,128,64,avg,2,0.831389537,57.45128202
bert,0.0001,128,64,avg,3,0.834721759,56.42508078
bert,0.0001,128,64,avg,4,0.82739087,56.36125565
bert,0.0001,128,64,avg,5,0.81706098,56.18673134
bert,0.0001,128,64,avg,6,0.828390536,55.48024893
bert,0.0001,128,64,avg,7,0.810729757,55.57326269
bert,0.0001,128,64,avg,8,0.814395202,55.75875998
bert,0.0001,128,64,avg,9,0.80673109,55.91832685
bert,0.0001,128,64,avg,10,0.829390203,69.66105056
bert,0.0001,128,64,avg,11,0.808063979,77.06297398
bert,0.0001,128,64,avg,12,0.810729757,62.15392065
bert,0.0001,128,64,avg,13,0.810729757,58.23404574
bert,0.0001,128,64,avg,14,0.802732423,58.42752028
bert,0.0001,128,64,avg,15,0.785738087,59.57341337
bert,0.0001,128,64,max,1,0.86571143,62.27504706
bert,0.0001,128,64,max,2,0.850383206,103.6346726
bert,0.0001,128,64,max,3,0.829390203,92.3351438
bert,0.0001,128,64,max,4,0.834388537,73.49127507
bert,0.0001,128,64,max,5,0.826391203,95.7006557
bert,0.0001,128,64,max,6,0.817394202,120.1186781
bert,0.0001,128,64,max,7,0.831389537,116.3118293
bert,0.0001,128,64,max,8,0.813395535,120.1458876
bert,0.0001,128,64,max,9,0.81706098,122.0164537
bert,0.0001,128,64,max,10,0.817727424,122.6105633
bert,0.0001,128,64,max,11,0.821059647,127.4079821
bert,0.0001,128,64,max,12,0.822392536,123.2532647
bert,0.0001,128,64,max,13,0.821392869,117.084836
bert,0.0001,128,64,max,14,0.821059647,116.335844
bert,0.0001,128,64,max,15,0.810396534,91.10404301
bert,0.0001,128,128,avg,1,0.835054982,67.91248512
bert,0.0001,128,128,avg,2,0.824058647,91.65218306
bert,0.0001,128,128,avg,3,0.819060313,101.5559754
bert,0.0001,128,128,avg,4,0.808397201,98.72103953
bert,0.0001,128,128,avg,5,0.813062313,99.77557921
bert,0.0001,128,128,avg,6,0.823392203,99.78399181
bert,0.0001,128,128,avg,7,0.813395535,100.3611367
bert,0.0001,128,128,avg,8,0.805398201,100.9628892
bert,0.0001,128,128,avg,9,0.803065645,100.7180121
bert,0.0001,128,128,avg,10,0.807397534,98.90362692
bert,0.0001,128,128,avg,11,0.801399533,100.0176337
bert,0.0001,128,128,avg,12,0.809063645,97.80956769
bert,0.0001,128,128,avg,13,0.805398201,99.41761065
bert,0.0001,128,128,avg,14,0.800066644,95.85591054
bert,0.0001,128,128,avg,15,0.814395202,75.54191327
bert,0.0001,128,128,max,1,0.860046651,73.69787908
bert,0.0001,128,128,max,2,0.84371876,73.39475942
bert,0.0001,128,128,max,3,0.846384538,105.183542
bert,0.0001,128,128,max,4,0.838387204,105.5674193
bert,0.0001,128,128,max,5,0.824058647,103.7606153
bert,0.0001,128,128,max,6,0.834055315,104.9100566
bert,0.0001,128,128,max,7,0.829390203,103.9258938
bert,0.0001,128,128,max,8,0.819726758,104.3379025
bert,0.0001,128,128,max,9,0.81272909,102.4503677
bert,0.0001,128,128,max,10,0.818060646,79.94273305
bert,0.0001,128,128,max,11,0.824725092,81.33051682
bert,0.0001,128,128,max,12,0.816727757,104.0119524
bert,0.0001,128,128,max,13,0.816727757,102.0369403
bert,0.0001,128,128,max,14,0.820726425,98.15507388
bert,0.0001,128,128,max,15,0.812062646,99.21601677
bert,0.0001,768,64,avg,1,0.826724425,114.7538481
bert,0.0001,768,64,avg,2,0.836387871,113.4561944
bert,0.0001,768,64,avg,3,0.826391203,114.0931606
bert,0.0001,768,64,avg,4,0.822725758,113.5882449
bert,0.0001,768,64,avg,5,0.821059647,115.6501687
bert,0.0001,768,64,avg,6,0.823392203,114.0531883
bert,0.0001,768,64,avg,7,0.794735088,97.63413644
bert,0.0001,768,64,avg,8,0.793068977,73.38953876
bert,0.0001,768,64,avg,9,0.799733422,64.37661791
bert,0.0001,768,64,avg,10,0.800066644,63.2235136
bert,0.0001,768,64,avg,11,0.811062979,62.52254796
bert,0.0001,768,64,avg,12,0.816061313,60.8826592
bert,0.0001,768,64,avg,13,0.804731756,60.83021045
bert,0.0001,768,64,avg,14,0.779740087,60.48565745
bert,0.0001,768,64,avg,15,0.80673109,61.27570796
bert,0.0001,768,64,max,1,0.852715761,61.47658348
bert,0.0001,768,64,max,2,0.829723426,62.23465991
bert,0.0001,768,64,max,3,0.837387537,62.38765025
bert,0.0001,768,64,max,4,0.831722759,64.07766747
bert,0.0001,768,64,max,5,0.830723092,64.03865743
bert,0.0001,768,64,max,6,0.826057981,65.60668659
bert,0.0001,768,64,max,7,0.822725758,60.58268762
bert,0.0001,768,64,max,8,0.812395868,60.7986939
bert,0.0001,768,64,max,9,0.832722426,60.78219986
bert,0.0001,768,64,max,10,0.825391536,61.45465446
bert,0.0001,768,64,max,11,0.826391203,60.67068601
bert,0.0001,768,64,max,12,0.80973009,61.09223557
bert,0.0001,768,64,max,13,0.811062979,60.84067678
bert,0.0001,768,64,max,14,0.80973009,61.04978943
bert,0.0001,768,64,max,15,0.826057981,61.5977571
bert,0.0001,768,128,avg,1,0.853715428,54.19035172
bert,0.0001,768,128,avg,2,0.822725758,54.44380021
bert,0.0001,768,128,avg,3,0.835721426,55.93798494
bert,0.0001,768,128,avg,4,0.817394202,55.46565413
bert,0.0001,768,128,avg,5,0.827724092,54.83876371
bert,0.0001,768,128,avg,6,0.825391536,55.19480729
bert,0.0001,768,128,avg,7,0.821726091,55.55979753
bert,0.0001,768,128,avg,8,0.793068977,55.72580576
bert,0.0001,768,128,avg,9,0.812395868,55.61179757
bert,0.0001,768,128,avg,10,0.794401866,56.42432237
bert,0.0001,768,128,avg,11,0.805398201,55.86478615
bert,0.0001,768,128,avg,12,0.788737088,55.84782863
bert,0.0001,768,128,avg,13,0.803065645,56.11082983
bert,0.0001,768,128,avg,14,0.803065645,56.53973985
bert,0.0001,768,128,avg,15,0.809396868,57.00379777
bert,0.0001,768,128,max,1,0.845718094,57.00592065
bert,0.0001,768,128,max,2,0.844051983,56.75986743
bert,0.0001,768,128,max,3,0.834055315,56.65488672
bert,0.0001,768,128,max,4,0.837054315,56.22988915
bert,0.0001,768,128,max,5,0.831722759,55.804842
bert,0.0001,768,128,max,6,0.841052982,56.01083994
bert,0.0001,768,128,max,7,0.83338887,55.97481203
bert,0.0001,768,128,max,8,0.832055981,56.2668786
bert,0.0001,768,128,max,9,0.82005998,55.89284348
bert,0.0001,768,128,max,10,0.830056648,56.19489217
bert,0.0001,768,128,max,11,0.826724425,56.10086989
bert,0.0001,768,128,max,12,0.809396868,56.58574581
bert,0.0001,768,128,max,13,0.825724758,56.24645209
bert,0.0001,768,128,max,14,0.812062646,56.91378045
bert,0.0001,768,128,max,15,0.803732089,56.73986459
bert,1.00E-05,128,64,avg,1,0.804065312,63.31325293
bert,1.00E-05,128,64,avg,2,0.839053649,62.96683764
bert,1.00E-05,128,64,avg,3,0.864711763,62.06383634
bert,1.00E-05,128,64,avg,4,0.844718427,61.90191507
bert,1.00E-05,128,64,avg,5,0.849716761,61.68284559
bert,1.00E-05,128,64,avg,6,0.848717094,62.08298159
bert,1.00E-05,128,64,avg,7,0.843052316,61.83124042
bert,1.00E-05,128,64,avg,8,0.834055315,61.82391572
bert,1.00E-05,128,64,avg,9,0.824725092,61.54594016
bert,1.00E-05,128,64,avg,10,0.832389204,61.37484097
bert,1.00E-05,128,64,avg,11,0.827724092,61.61740065
bert,1.00E-05,128,64,avg,12,0.827057647,62.13385868
bert,1.00E-05,128,64,avg,13,0.818727091,61.39190483
bert,1.00E-05,128,64,avg,14,0.822725758,63.028934
bert,1.00E-05,128,64,avg,15,0.82305898,61.13184786
bert,1.00E-05,128,64,max,1,0.830056648,60.82819176
bert,1.00E-05,128,64,max,2,0.851382872,60.79289436
bert,1.00E-05,128,64,max,3,0.86437854,60.97780633
bert,1.00E-05,128,64,max,4,0.870043319,60.97896409
bert,1.00E-05,128,64,max,5,0.858047318,62.07987952
bert,1.00E-05,128,64,max,6,0.85838054,61.15994525
bert,1.00E-05,128,64,max,7,0.847384205,61.11343074
bert,1.00E-05,128,64,max,8,0.847050983,61.04942298
bert,1.00E-05,128,64,max,9,0.851716095,62.12187982
bert,1.00E-05,128,64,max,10,0.848383872,62.18193007
bert,1.00E-05,128,64,max,11,0.848383872,62.85292292
bert,1.00E-05,128,64,max,12,0.843052316,62.07094979
bert,1.00E-05,128,64,max,13,0.846051316,61.05291247
bert,1.00E-05,128,64,max,14,0.843385538,60.86292648
bert,1.00E-05,128,64,max,15,0.845384872,61.27492833
bert,1.00E-05,128,128,avg,1,0.720759747,53.92939734
bert,1.00E-05,128,128,avg,2,0.818393869,54.83884525
bert,1.00E-05,128,128,avg,3,0.840053316,54.97483635
bert,1.00E-05,128,128,avg,4,0.848383872,55.74004054
bert,1.00E-05,128,128,avg,5,0.84071976,55.41695166
bert,1.00E-05,128,128,avg,6,0.847717428,55.51492786
bert,1.00E-05,128,128,avg,7,0.849716761,56.63794112
bert,1.00E-05,128,128,avg,8,0.853382206,57.23992634
bert,1.00E-05,128,128,avg,9,0.854715095,56.61696935
bert,1.00E-05,128,128,avg,10,0.85104965,56.73591447
bert,1.00E-05,128,128,avg,11,0.847717428,56.34997749
bert,1.00E-05,128,128,avg,12,0.83772076,55.7539525
bert,1.00E-05,128,128,avg,13,0.835054982,55.86196303
bert,1.00E-05,128,128,avg,14,0.816394535,55.66593194
bert,1.00E-05,128,128,avg,15,0.829390203,55.96710443
bert,1.00E-05,128,128,max,1,0.745084972,55.72088075
bert,1.00E-05,128,128,max,2,0.816061313,56.08997011
bert,1.00E-05,128,128,max,3,0.837387537,55.72693634
bert,1.00E-05,128,128,max,4,0.850716428,55.77997184
bert,1.00E-05,128,128,max,5,0.855714762,56.97294593
bert,1.00E-05,128,128,max,6,0.859046984,56.36697412
bert,1.00E-05,128,128,max,7,0.859046984,56.85696197
bert,1.00E-05,128,128,max,8,0.859046984,56.76594162
bert,1.00E-05,128,128,max,9,0.857047651,57.50992584
bert,1.00E-05,128,128,max,10,0.849050317,56.92603016
bert,1.00E-05,128,128,max,11,0.840053316,56.82893896
bert,1.00E-05,128,128,max,12,0.84071976,55.84092116
bert,1.00E-05,128,128,max,13,0.851716095,55.99996114
bert,1.00E-05,128,128,max,14,0.841719427,55.74901581
bert,1.00E-05,128,128,max,15,0.838720427,56.2089045
bert,1.00E-05,768,64,avg,1,0.816727757,63.02911282
bert,1.00E-05,768,64,avg,2,0.852049317,62.03476524
bert,1.00E-05,768,64,avg,3,0.863045651,61.98137021
bert,1.00E-05,768,64,avg,4,0.861712762,62.25894713
bert,1.00E-05,768,64,avg,5,0.840386538,61.53780913
bert,1.00E-05,768,64,avg,6,0.841386205,61.6801312
bert,1.00E-05,768,64,avg,7,0.84371876,61.1929574
bert,1.00E-05,768,64,avg,8,0.831056315,62.30174136
bert,1.00E-05,768,64,avg,9,0.814061979,61.24516916
bert,1.00E-05,768,64,avg,10,0.836387871,60.2857275
bert,1.00E-05,768,64,avg,11,0.828057314,60.26120353
bert,1.00E-05,768,64,avg,12,0.823725425,60.57093358
bert,1.00E-05,768,64,avg,13,0.819726758,60.68808866
bert,1.00E-05,768,64,avg,14,0.838720427,60.47276139
bert,1.00E-05,768,64,avg,15,0.822059314,60.64871454
bert,1.00E-05,768,64,max,1,0.810063312,60.81767058
bert,1.00E-05,768,64,max,2,0.844718427,61.18196702
bert,1.00E-05,768,64,max,3,0.859713429,61.87694454
bert,1.00E-05,768,64,max,4,0.859380207,61.98451805
bert,1.00E-05,768,64,max,5,0.853048984,62.74795222
bert,1.00E-05,768,64,max,6,0.860046651,62.29094458
bert,1.00E-05,768,64,max,7,0.84371876,60.84601641
bert,1.00E-05,768,64,max,8,0.844718427,60.98743176
bert,1.00E-05,768,64,max,9,0.849383539,60.8695147
bert,1.00E-05,768,64,max,10,0.835054982,61.21093607
bert,1.00E-05,768,64,max,11,0.839053649,61.0270052
bert,1.00E-05,768,64,max,12,0.830723092,61.33689642
bert,1.00E-05,768,64,max,13,0.839053649,61.1450336
bert,1.00E-05,768,64,max,14,0.828057314,61.06196475
bert,1.00E-05,768,64,max,15,0.83338887,61.33501744
bert,1.00E-05,768,128,avg,1,0.719093635,54.69351268
bert,1.00E-05,768,128,avg,2,0.827057647,54.17462206
bert,1.00E-05,768,128,avg,3,0.842052649,78.04800415
bert,1.00E-05,768,128,avg,4,0.852049317,78.26844144
bert,1.00E-05,768,128,avg,5,0.854381873,66.3326664
bert,1.00E-05,768,128,avg,6,0.846717761,69.24540186
bert,1.00E-05,768,128,avg,7,0.852049317,101.7009552
bert,1.00E-05,768,128,avg,8,0.844385205,101.1889668
bert,1.00E-05,768,128,avg,9,0.848717094,97.67403269
bert,1.00E-05,768,128,avg,10,0.849383539,99.32100511
bert,1.00E-05,768,128,avg,11,0.83338887,99.10795569
bert,1.00E-05,768,128,avg,12,0.84071976,99.07796836
bert,1.00E-05,768,128,avg,13,0.83338887,100.7280288
bert,1.00E-05,768,128,avg,14,0.839386871,101.3949227
bert,1.00E-05,768,128,avg,15,0.830056648,101.102052
bert,1.00E-05,768,128,max,1,0.764411863,101.6981702
bert,1.00E-05,768,128,max,2,0.818393869,102.2901001
bert,1.00E-05,768,128,max,3,0.846051316,100.1619148
bert,1.00E-05,768,128,max,4,0.85404865,89.69103885
bert,1.00E-05,768,128,max,5,0.859713429,83.05663419
bert,1.00E-05,768,128,max,6,0.86137954,72.40823531
bert,1.00E-05,768,128,max,7,0.860046651,114.259964
bert,1.00E-05,768,128,max,8,0.849050317,108.3469169
bert,1.00E-05,768,128,max,9,0.865378207,105.6669643
bert,1.00E-05,768,128,max,10,0.85838054,105.5580237
bert,1.00E-05,768,128,max,11,0.854715095,106.8200712
bert,1.00E-05,768,128,max,12,0.851382872,106.3188994
bert,1.00E-05,768,128,max,13,0.849716761,108.8920703
bert,1.00E-05,768,128,max,14,0.845718094,109.3889699
bert,1.00E-05,768,128,max,15,0.845051649,107.9569337
gated_cnn,0.001,128,64,avg,1,0.787070976,0.69809103
gated_cnn,0.001,128,64,avg,2,0.836054648,0.679184675
gated_cnn,0.001,128,64,avg,3,0.839720093,0.682568073
gated_cnn,0.001,128,64,avg,4,0.836721093,0.734850645
gated_cnn,0.001,128,64,avg,5,0.83772076,0.729963064
gated_cnn,0.001,128,64,avg,6,0.838053982,0.689979792
gated_cnn,0.001,128,64,avg,7,0.832055981,0.677983046
gated_cnn,0.001,128,64,avg,8,0.83038987,0.679950237
gated_cnn,0.001,128,64,avg,9,0.831722759,0.7429564
gated_cnn,0.001,128,64,avg,10,0.826724425,0.672902822
gated_cnn,0.001,128,64,avg,11,0.826724425,0.714057922
gated_cnn,0.001,128,64,avg,12,0.825724758,0.760137081
gated_cnn,0.001,128,64,avg,13,0.825058314,0.744053364
gated_cnn,0.001,128,64,avg,14,0.814728424,1.01448226
gated_cnn,0.001,128,64,avg,15,0.814061979,0.695115805
gated_cnn,0.001,128,64,max,1,0.755414862,0.742477179
gated_cnn,0.001,128,64,max,2,0.799733422,0.897569895
gated_cnn,0.001,128,64,max,3,0.818727091,1.120845556
gated_cnn,0.001,128,64,max,4,0.829056981,0.806100607
gated_cnn,0.001,128,64,max,5,0.825391536,0.781921625
gated_cnn,0.001,128,64,max,6,0.839053649,0.769064188
gated_cnn,0.001,128,64,max,7,0.83338887,0.922295094
gated_cnn,0.001,128,64,max,8,0.835388204,0.813206196
gated_cnn,0.001,128,64,max,9,0.830723092,0.787978888
gated_cnn,0.001,128,64,max,10,0.815728091,0.803001404
gated_cnn,0.001,128,64,max,11,0.82739087,0.806985378
gated_cnn,0.001,128,64,max,12,0.810063312,0.95491004
gated_cnn,0.001,128,64,max,13,0.82005998,0.928070068
gated_cnn,0.001,128,64,max,14,0.813728757,1.82798481
gated_cnn,0.001,128,64,max,15,0.807730756,0.928050995
gated_cnn,0.001,128,128,avg,1,0.742419194,0.395454645
gated_cnn,0.001,128,128,avg,2,0.808730423,0.401925087
gated_cnn,0.001,128,128,avg,3,0.836387871,0.454907417
gated_cnn,0.001,128,128,avg,4,0.84371876,0.429875612
gated_cnn,0.001,128,128,avg,5,0.844051983,0.409978867
gated_cnn,0.001,128,128,avg,6,0.846384538,0.399993896
gated_cnn,0.001,128,128,avg,7,0.841719427,0.399991512
gated_cnn,0.001,128,128,avg,8,0.842052649,0.442418575
gated_cnn,0.001,128,128,avg,9,0.838387204,0.437551737
gated_cnn,0.001,128,128,avg,10,0.838387204,0.44309926
gated_cnn,0.001,128,128,avg,11,0.828390536,0.403035402
gated_cnn,0.001,128,128,avg,12,0.832722426,0.410016298
gated_cnn,0.001,128,128,avg,13,0.830056648,0.386569738
gated_cnn,0.001,128,128,avg,14,0.833055648,0.401037693
gated_cnn,0.001,128,128,avg,15,0.827057647,0.404906988
gated_cnn,0.001,128,128,max,1,0.701766078,0.574314117
gated_cnn,0.001,128,128,max,2,0.766744419,0.869674683
gated_cnn,0.001,128,128,max,3,0.793402199,0.776536942
gated_cnn,0.001,128,128,max,4,0.810729757,1.208782196
gated_cnn,0.001,128,128,max,5,0.818393869,1.517867565
gated_cnn,0.001,128,128,max,6,0.822392536,0.564065456
gated_cnn,0.001,128,128,max,7,0.818393869,0.544083118
gated_cnn,0.001,128,128,max,8,0.818727091,0.563891411
gated_cnn,0.001,128,128,max,9,0.835054982,0.508019447
gated_cnn,0.001,128,128,max,10,0.821392869,0.479122877
gated_cnn,0.001,128,128,max,11,0.833055648,0.508904457
gated_cnn,0.001,128,128,max,12,0.828057314,0.501000166
gated_cnn,0.001,128,128,max,13,0.830723092,0.497953415
gated_cnn,0.001,128,128,max,14,0.828390536,0.590947151
gated_cnn,0.001,128,128,max,15,0.832389204,0.561932564
gated_cnn,0.001,768,64,avg,1,0.843385538,3.463509321
gated_cnn,0.001,768,64,avg,2,0.843385538,5.302549601
gated_cnn,0.001,768,64,avg,3,0.839386871,6.797438622
gated_cnn,0.001,768,64,avg,4,0.836387871,4.205185413
gated_cnn,0.001,768,64,avg,5,0.831722759,4.236993074
gated_cnn,0.001,768,64,avg,6,0.820393202,4.280883074
gated_cnn,0.001,768,64,avg,7,0.822059314,4.293072462
gated_cnn,0.001,768,64,avg,8,0.820393202,4.405956507
gated_cnn,0.001,768,64,avg,9,0.817727424,4.168070793
gated_cnn,0.001,768,64,avg,10,0.817394202,4.888960361
gated_cnn,0.001,768,64,avg,11,0.81706098,6.078921795
gated_cnn,0.001,768,64,avg,12,0.805398201,5.948066473
gated_cnn,0.001,768,64,avg,13,0.809396868,4.45608592
gated_cnn,0.001,768,64,avg,14,0.804065312,5.84791398
gated_cnn,0.001,768,64,avg,15,0.804065312,4.02303791
gated_cnn,0.001,768,64,max,1,0.818727091,6.347437382
gated_cnn,0.001,768,64,max,2,0.828057314,5.660851955
gated_cnn,0.001,768,64,max,3,0.772409197,4.786127806
gated_cnn,0.001,768,64,max,4,0.834388537,4.448909998
gated_cnn,0.001,768,64,max,5,0.794735088,5.707125425
gated_cnn,0.001,768,64,max,6,0.815394868,4.651005745
gated_cnn,0.001,768,64,max,7,0.822392536,4.676003695
gated_cnn,0.001,768,64,max,8,0.81272909,5.622033119
gated_cnn,0.001,768,64,max,9,0.82739087,8.734946012
gated_cnn,0.001,768,64,max,10,0.821726091,4.835834265
gated_cnn,0.001,768,64,max,11,0.812062646,5.039969683
gated_cnn,0.001,768,64,max,12,0.813062313,4.086078167
gated_cnn,0.001,768,64,max,13,0.807064312,4.215960026
gated_cnn,0.001,768,64,max,14,0.810729757,5.056182384
gated_cnn,0.001,768,64,max,15,0.797734089,4.162036419
gated_cnn,0.001,768,128,avg,1,0.833055648,2.377599955
gated_cnn,0.001,768,128,avg,2,0.839053649,2.258974791
gated_cnn,0.001,768,128,avg,3,0.83338887,2.060491323
gated_cnn,0.001,768,128,avg,4,0.835054982,2.052512169
gated_cnn,0.001,768,128,avg,5,0.829723426,2.100384235
gated_cnn,0.001,768,128,avg,6,0.824725092,2.298853159
gated_cnn,0.001,768,128,avg,7,0.82005998,2.062486172
gated_cnn,0.001,768,128,avg,8,0.823392203,2.066474915
gated_cnn,0.001,768,128,avg,9,0.821059647,2.19912076
gated_cnn,0.001,768,128,avg,10,0.820726425,2.330768108
gated_cnn,0.001,768,128,avg,11,0.819060313,2.21906662
gated_cnn,0.001,768,128,avg,12,0.809063645,4.000804901
gated_cnn,0.001,768,128,avg,13,0.80673109,3.199150801
gated_cnn,0.001,768,128,avg,14,0.814061979,2.563984394
gated_cnn,0.001,768,128,avg,15,0.807397534,2.729042292
gated_cnn,0.001,768,128,max,1,0.802065978,3.278949738
gated_cnn,0.001,768,128,max,2,0.814061979,3.156383038
gated_cnn,0.001,768,128,max,3,0.831722759,3.323870659
gated_cnn,0.001,768,128,max,4,0.839053649,3.02491951
gated_cnn,0.001,768,128,max,5,0.834055315,3.918051481
gated_cnn,0.001,768,128,max,6,0.836387871,3.709987879
gated_cnn,0.001,768,128,max,7,0.754415195,2.852948189
gated_cnn,0.001,768,128,max,8,0.829056981,2.890007496
gated_cnn,0.001,768,128,max,9,0.827057647,2.893972158
gated_cnn,0.001,768,128,max,10,0.834721759,2.827034712
gated_cnn,0.001,768,128,max,11,0.826724425,2.854930639
gated_cnn,0.001,768,128,max,12,0.824391869,3.186064243
gated_cnn,0.001,768,128,max,13,0.824391869,5.476218224
gated_cnn,0.001,768,128,max,14,0.823392203,5.381942272
gated_cnn,0.001,768,128,max,15,0.821392869,5.18604517
gated_cnn,0.0001,128,64,avg,1,0.664445185,2.018665791
gated_cnn,0.0001,128,64,avg,2,0.672442519,2.137066126
gated_cnn,0.0001,128,64,avg,3,0.678773742,1.852501154
gated_cnn,0.0001,128,64,avg,4,0.690436521,1.725098372
gated_cnn,0.0001,128,64,avg,5,0.712762413,1.885019541
gated_cnn,0.0001,128,64,avg,6,0.732755748,1.82306242
gated_cnn,0.0001,128,64,avg,7,0.753415528,1.820884466
gated_cnn,0.0001,128,64,avg,8,0.765744752,1.782055378
gated_cnn,0.0001,128,64,avg,9,0.779406864,1.825986385
gated_cnn,0.0001,128,64,avg,10,0.789736754,1.940069199
gated_cnn,0.0001,128,64,avg,11,0.801399533,1.410948515
gated_cnn,0.0001,128,64,avg,12,0.80973009,2.023008823
gated_cnn,0.0001,128,64,avg,13,0.814395202,2.060968399
gated_cnn,0.0001,128,64,avg,14,0.822392536,1.808024883
gated_cnn,0.0001,128,64,avg,15,0.824058647,1.938996792
gated_cnn,0.0001,128,64,max,1,0.669776741,1.445647955
gated_cnn,0.0001,128,64,max,2,0.680439853,2.203206539
gated_cnn,0.0001,128,64,max,3,0.687437521,2.133604527
gated_cnn,0.0001,128,64,max,4,0.708763745,2.405014753
gated_cnn,0.0001,128,64,max,5,0.713762079,2.341059923
gated_cnn,0.0001,128,64,max,6,0.732089304,2.160981417
gated_cnn,0.0001,128,64,max,7,0.738420526,2.413973808
gated_cnn,0.0001,128,64,max,8,0.757747418,2.056983709
gated_cnn,0.0001,128,64,max,9,0.77140953,2.126004219
gated_cnn,0.0001,128,64,max,10,0.77440853,2.24704361
gated_cnn,0.0001,128,64,max,11,0.784405198,2.43298769
gated_cnn,0.0001,128,64,max,12,0.796067977,2.158035278
gated_cnn,0.0001,128,64,max,13,0.798733755,2.202979326
gated_cnn,0.0001,128,64,max,14,0.795401533,2.220535517
gated_cnn,0.0001,128,64,max,15,0.80973009,2.160946608
gated_cnn,0.0001,128,128,avg,1,0.677107631,1.415693283
gated_cnn,0.0001,128,128,avg,2,0.70943019,1.716250181
gated_cnn,0.0001,128,128,avg,3,0.703432189,1.360704422
gated_cnn,0.0001,128,128,avg,4,0.696767744,1.07396245
gated_cnn,0.0001,128,128,avg,5,0.6991003,1.317032337
gated_cnn,0.0001,128,128,avg,6,0.703098967,1.067010403
gated_cnn,0.0001,128,128,avg,7,0.711429523,1.020994902
gated_cnn,0.0001,128,128,avg,8,0.72275908,1.196022272
gated_cnn,0.0001,128,128,avg,9,0.732755748,0.972992182
gated_cnn,0.0001,128,128,avg,10,0.746417861,1.077971697
gated_cnn,0.0001,128,128,avg,11,0.761746085,1.266025305
gated_cnn,0.0001,128,128,avg,12,0.769410197,1.149013042
gated_cnn,0.0001,128,128,avg,13,0.781072976,1.049980164
gated_cnn,0.0001,128,128,avg,14,0.795068311,1.255515099
gated_cnn,0.0001,128,128,avg,15,0.804065312,1.074987411
gated_cnn,0.0001,128,128,max,1,0.508163945,1.886119127
gated_cnn,0.0001,128,128,max,2,0.666111296,1.422379255
gated_cnn,0.0001,128,128,max,3,0.671442852,1.349010706
gated_cnn,0.0001,128,128,max,4,0.676774409,1.511065245
gated_cnn,0.0001,128,128,max,5,0.680773076,1.40007782
gated_cnn,0.0001,128,128,max,6,0.683772076,1.317977667
gated_cnn,0.0001,128,128,max,7,0.684771743,1.259051085
gated_cnn,0.0001,128,128,max,8,0.692435855,1.356019258
gated_cnn,0.0001,128,128,max,9,0.6991003,1.243896246
gated_cnn,0.0001,128,128,max,10,0.706097967,1.295002699
gated_cnn,0.0001,128,128,max,11,0.70943019,1.402023315
gated_cnn,0.0001,128,128,max,12,0.721426191,1.270972967
gated_cnn,0.0001,128,128,max,13,0.72275908,1.305013895
gated_cnn,0.0001,128,128,max,14,0.726091303,1.34390831
gated_cnn,0.0001,128,128,max,15,0.737087637,1.178060293
gated_cnn,0.0001,768,64,avg,1,0.714428524,7.303776503
gated_cnn,0.0001,768,64,avg,2,0.787404199,7.013947248
gated_cnn,0.0001,768,64,avg,3,0.812062646,6.762473345
gated_cnn,0.0001,768,64,avg,4,0.820393202,7.517496824
gated_cnn,0.0001,768,64,avg,5,0.827724092,8.455000639
gated_cnn,0.0001,768,64,avg,6,0.83338887,7.357121229
gated_cnn,0.0001,768,64,avg,7,0.83772076,7.528861523
gated_cnn,0.0001,768,64,avg,8,0.842719094,7.893992662
gated_cnn,0.0001,768,64,avg,9,0.845718094,7.562549829
gated_cnn,0.0001,768,64,avg,10,0.846717761,7.690962315
gated_cnn,0.0001,768,64,avg,11,0.845718094,7.442982435
gated_cnn,0.0001,768,64,avg,12,0.846384538,7.818459511
gated_cnn,0.0001,768,64,avg,13,0.847050983,7.769564152
gated_cnn,0.0001,768,64,avg,14,0.850049983,7.522090197
gated_cnn,0.0001,768,64,avg,15,0.849716761,8.380934715
gated_cnn,0.0001,768,64,max,1,0.677440853,8.82606864
gated_cnn,0.0001,768,64,max,2,0.732422526,8.572517157
gated_cnn,0.0001,768,64,max,3,0.767410863,8.745028734
gated_cnn,0.0001,768,64,max,4,0.781072976,9.056455851
gated_cnn,0.0001,768,64,max,5,0.788737088,8.461019754
gated_cnn,0.0001,768,64,max,6,0.793068977,9.510477304
gated_cnn,0.0001,768,64,max,7,0.804731756,8.865044117
gated_cnn,0.0001,768,64,max,8,0.80673109,9.294001579
gated_cnn,0.0001,768,64,max,9,0.819060313,8.48998332
gated_cnn,0.0001,768,64,max,10,0.819726758,8.614972115
gated_cnn,0.0001,768,64,max,11,0.825058314,9.475477934
gated_cnn,0.0001,768,64,max,12,0.830723092,8.462040424
gated_cnn,0.0001,768,64,max,13,0.832389204,9.208937645
gated_cnn,0.0001,768,64,max,14,0.832389204,9.051069498
gated_cnn,0.0001,768,64,max,15,0.827724092,8.60697031
gated_cnn,0.0001,768,128,avg,1,0.707430856,4.366361141
gated_cnn,0.0001,768,128,avg,2,0.734755082,5.085941315
gated_cnn,0.0001,768,128,avg,3,0.770743086,4.544974327
gated_cnn,0.0001,768,128,avg,4,0.794068644,4.629970551
gated_cnn,0.0001,768,128,avg,5,0.806397867,4.822473526
gated_cnn,0.0001,768,128,avg,6,0.814395202,4.709000826
gated_cnn,0.0001,768,128,avg,7,0.815061646,4.602030277
gated_cnn,0.0001,768,128,avg,8,0.816061313,4.558970928
gated_cnn,0.0001,768,128,avg,9,0.82005998,4.480018854
gated_cnn,0.0001,768,128,avg,10,0.822059314,5.136035681
gated_cnn,0.0001,768,128,avg,11,0.82305898,4.8319695
gated_cnn,0.0001,768,128,avg,12,0.825724758,4.926972628
gated_cnn,0.0001,768,128,avg,13,0.828723759,4.63704896
gated_cnn,0.0001,768,128,avg,14,0.830723092,4.335987091
gated_cnn,0.0001,768,128,avg,15,0.833722093,4.310048819
gated_cnn,0.0001,768,128,max,1,0.673775408,5.442894459
gated_cnn,0.0001,768,128,max,2,0.714761746,6.783032894
gated_cnn,0.0001,768,128,max,3,0.753082306,5.710543156
gated_cnn,0.0001,768,128,max,4,0.770743086,6.068991899
gated_cnn,0.0001,768,128,max,5,0.776741086,5.515000105
gated_cnn,0.0001,768,128,max,6,0.798733755,5.485026836
gated_cnn,0.0001,768,128,max,7,0.796067977,6.334976673
gated_cnn,0.0001,768,128,max,8,0.7994002,7.283377886
gated_cnn,0.0001,768,128,max,9,0.817394202,7.569830418
gated_cnn,0.0001,768,128,max,10,0.817727424,4.976048231
gated_cnn,0.0001,768,128,max,11,0.822059314,4.430016279
gated_cnn,0.0001,768,128,max,12,0.822392536,4.106027603
gated_cnn,0.0001,768,128,max,13,0.824725092,4.243951082
gated_cnn,0.0001,768,128,max,14,0.825724758,7.103019953
gated_cnn,0.0001,768,128,max,15,0.830723092,5.330506325
gated_cnn,1.00E-05,128,64,avg,1,0.353548817,1.518967628
gated_cnn,1.00E-05,128,64,avg,2,0.36287904,1.529577017
gated_cnn,1.00E-05,128,64,avg,3,0.375874708,1.530031919
gated_cnn,1.00E-05,128,64,avg,4,0.397200933,1.645100355
gated_cnn,1.00E-05,128,64,avg,5,0.42185938,1.476984739
gated_cnn,1.00E-05,128,64,avg,6,0.452515828,1.460039854
gated_cnn,1.00E-05,128,64,avg,7,0.486837721,2.154953957
gated_cnn,1.00E-05,128,64,avg,8,0.526157947,1.719046354
gated_cnn,1.00E-05,128,64,avg,9,0.564811729,1.557958364
gated_cnn,1.00E-05,128,64,avg,10,0.594801733,1.771045923
gated_cnn,1.00E-05,128,64,avg,11,0.624791736,1.855508804
gated_cnn,1.00E-05,128,64,avg,12,0.646117961,1.470928192
gated_cnn,1.00E-05,128,64,avg,13,0.665778074,1.455012083
gated_cnn,1.00E-05,128,64,avg,14,0.673775408,1.449001312
gated_cnn,1.00E-05,128,64,avg,15,0.688103965,1.424982071
gated_cnn,1.00E-05,128,64,max,1,0.513495501,1.677766085
gated_cnn,1.00E-05,128,64,max,2,0.628123959,1.666517735
gated_cnn,1.00E-05,128,64,max,3,0.656447851,1.642507792
gated_cnn,1.00E-05,128,64,max,4,0.665444852,2.122145414
gated_cnn,1.00E-05,128,64,max,5,0.66811063,1.742987394
gated_cnn,1.00E-05,128,64,max,6,0.668443852,1.689950943
gated_cnn,1.00E-05,128,64,max,7,0.668777074,1.750575781
gated_cnn,1.00E-05,128,64,max,8,0.668777074,1.688987255
gated_cnn,1.00E-05,128,64,max,9,0.670109963,1.693976164
gated_cnn,1.00E-05,128,64,max,10,0.670443186,1.689981699
gated_cnn,1.00E-05,128,64,max,11,0.670443186,1.787019014
gated_cnn,1.00E-05,128,64,max,12,0.67110963,1.661980391
gated_cnn,1.00E-05,128,64,max,13,0.672109297,1.995040894
gated_cnn,1.00E-05,128,64,max,14,0.67410863,1.97798562
gated_cnn,1.00E-05,128,64,max,15,0.674775075,1.692985058
gated_cnn,1.00E-05,128,128,avg,1,0.344885038,0.87228322
gated_cnn,1.00E-05,128,128,avg,2,0.346884372,0.884353399
gated_cnn,1.00E-05,128,128,avg,3,0.35254915,0.833694935
gated_cnn,1.00E-05,128,128,avg,4,0.359546818,0.864838123
gated_cnn,1.00E-05,128,128,avg,5,0.366211263,0.883025408
gated_cnn,1.00E-05,128,128,avg,6,0.374541819,0.89311862
gated_cnn,1.00E-05,128,128,avg,7,0.381539487,0.86799407
gated_cnn,1.00E-05,128,128,avg,8,0.389203599,1.049973726
gated_cnn,1.00E-05,128,128,avg,9,0.396867711,0.867998123
gated_cnn,1.00E-05,128,128,avg,10,0.41152949,0.905964851
gated_cnn,1.00E-05,128,128,avg,11,0.423525492,0.899992466
gated_cnn,1.00E-05,128,128,avg,12,0.437854049,0.940532207
gated_cnn,1.00E-05,128,128,avg,13,0.448183939,1.179034233
gated_cnn,1.00E-05,128,128,avg,14,0.461179607,0.878955841
gated_cnn,1.00E-05,128,128,avg,15,0.479173609,0.885011435
gated_cnn,1.00E-05,128,128,max,1,0.513495501,1.009301662
gated_cnn,1.00E-05,128,128,max,2,0.601132956,1.009301186
gated_cnn,1.00E-05,128,128,max,3,0.641786071,1.090613365
gated_cnn,1.00E-05,128,128,max,4,0.656781073,1.251603842
gated_cnn,1.00E-05,128,128,max,5,0.666111296,1.089066505
gated_cnn,1.00E-05,128,128,max,6,0.666111296,1.111102581
gated_cnn,1.00E-05,128,128,max,7,0.667444185,1.082003593
gated_cnn,1.00E-05,128,128,max,8,0.667110963,1.014028788
gated_cnn,1.00E-05,128,128,max,9,0.667110963,1.109972954
gated_cnn,1.00E-05,128,128,max,10,0.667110963,1.184002876
gated_cnn,1.00E-05,128,128,max,11,0.66811063,1.153015375
gated_cnn,1.00E-05,128,128,max,12,0.668443852,1.366999626
gated_cnn,1.00E-05,128,128,max,13,0.668443852,1.058015585
gated_cnn,1.00E-05,128,128,max,14,0.668777074,1.59605217
gated_cnn,1.00E-05,128,128,max,15,0.669110297,1.104955912
gated_cnn,1.00E-05,768,64,avg,1,0.435521493,6.213544369
gated_cnn,1.00E-05,768,64,avg,2,0.575808064,6.213063478
gated_cnn,1.00E-05,768,64,avg,3,0.661779407,6.664982319
gated_cnn,1.00E-05,768,64,avg,4,0.694101966,6.343993425
gated_cnn,1.00E-05,768,64,avg,5,0.710096634,5.895964146
gated_cnn,1.00E-05,768,64,avg,6,0.711096301,6.33503437
gated_cnn,1.00E-05,768,64,avg,7,0.711096301,6.150388479
gated_cnn,1.00E-05,768,64,avg,8,0.716094635,6.262596369
gated_cnn,1.00E-05,768,64,avg,9,0.720426524,6.153048754
gated_cnn,1.00E-05,768,64,avg,10,0.722092636,6.173322201
gated_cnn,1.00E-05,768,64,avg,11,0.727757414,6.480648994
gated_cnn,1.00E-05,768,64,avg,12,0.737087637,6.636993885
gated_cnn,1.00E-05,768,64,avg,13,0.742085971,6.511017561
gated_cnn,1.00E-05,768,64,avg,14,0.750083306,6.322024345
gated_cnn,1.00E-05,768,64,avg,15,0.755414862,6.205932856
gated_cnn,1.00E-05,768,64,max,1,0.662779074,7.402819395
gated_cnn,1.00E-05,768,64,max,2,0.665778074,7.345969439
gated_cnn,1.00E-05,768,64,max,3,0.668443852,7.69746995
gated_cnn,1.00E-05,768,64,max,4,0.672442519,7.384108067
gated_cnn,1.00E-05,768,64,max,5,0.674441853,7.730852365
gated_cnn,1.00E-05,768,64,max,6,0.680439853,7.236980677
gated_cnn,1.00E-05,768,64,max,7,0.689103632,8.922042131
gated_cnn,1.00E-05,768,64,max,8,0.692435855,6.709007025
gated_cnn,1.00E-05,768,64,max,9,0.707097634,6.695033312
gated_cnn,1.00E-05,768,64,max,10,0.708097301,9.732998371
gated_cnn,1.00E-05,768,64,max,11,0.716094635,8.323983192
gated_cnn,1.00E-05,768,64,max,12,0.718427191,7.562995434
gated_cnn,1.00E-05,768,64,max,13,0.732089304,7.869053364
gated_cnn,1.00E-05,768,64,max,14,0.734088637,7.334980249
gated_cnn,1.00E-05,768,64,max,15,0.741086305,7.974936962
gated_cnn,1.00E-05,768,128,avg,1,0.620793069,4.030349493
gated_cnn,1.00E-05,768,128,avg,2,0.650116628,4.231045246
gated_cnn,1.00E-05,768,128,avg,3,0.664778407,4.245060205
gated_cnn,1.00E-05,768,128,avg,4,0.672109297,4.047933817
gated_cnn,1.00E-05,768,128,avg,5,0.680439853,4.008076668
gated_cnn,1.00E-05,768,128,avg,6,0.683438854,3.905889511
gated_cnn,1.00E-05,768,128,avg,7,0.686104632,4.272027254
gated_cnn,1.00E-05,768,128,avg,8,0.689103632,3.833009958
gated_cnn,1.00E-05,768,128,avg,9,0.693768744,4.039868355
gated_cnn,1.00E-05,768,128,avg,10,0.697434189,4.007152557
gated_cnn,1.00E-05,768,128,avg,11,0.699433522,3.855968475
gated_cnn,1.00E-05,768,128,avg,12,0.7020993,4.707986832
gated_cnn,1.00E-05,768,128,avg,13,0.705098301,3.772029161
gated_cnn,1.00E-05,768,128,avg,14,0.705431523,3.826952457
gated_cnn,1.00E-05,768,128,avg,15,0.708763745,4.22218895
gated_cnn,1.00E-05,768,128,max,1,0.368543819,4.781209707
gated_cnn,1.00E-05,768,128,max,2,0.618460513,4.644865036
gated_cnn,1.00E-05,768,128,max,3,0.643785405,4.6469419
gated_cnn,1.00E-05,768,128,max,4,0.648117294,5.555980206
gated_cnn,1.00E-05,768,128,max,5,0.649116961,5.252994537
gated_cnn,1.00E-05,768,128,max,6,0.650116628,5.287479401
gated_cnn,1.00E-05,768,128,max,7,0.651782739,4.73401475
gated_cnn,1.00E-05,768,128,max,8,0.652115961,4.737965584
gated_cnn,1.00E-05,768,128,max,9,0.653782073,4.98301506
gated_cnn,1.00E-05,768,128,max,10,0.655448184,4.821026802
gated_cnn,1.00E-05,768,128,max,11,0.657114295,5.056970358
gated_cnn,1.00E-05,768,128,max,12,0.659113629,4.80904603
gated_cnn,1.00E-05,768,128,max,13,0.660446518,5.569982767
gated_cnn,1.00E-05,768,128,max,14,0.662112629,4.842503786
gated_cnn,1.00E-05,768,128,max,15,0.664111963,4.479965687
bert_cnn,0.001,768,64,avg,1,0.794735088,169.3339598
bert_cnn,0.001,768,64,avg,2,0.835721426,128.290215
bert_cnn,0.001,768,64,avg,3,0.811062979,121.8651769
bert_cnn,0.001,768,64,avg,4,0.808063979,110.2207687
bert_cnn,0.001,768,64,avg,5,0.806064645,163.1925042
bert_cnn,0.001,768,64,avg,6,0.815394868,162.4269013
bert_cnn,0.001,768,64,avg,7,0.794735088,166.6520321
bert_cnn,0.001,768,64,avg,8,0.783738754,172.5340838
bert_cnn,0.001,768,64,avg,9,0.792735755,176.8512125
bert_cnn,0.001,768,64,avg,10,0.812395868,180.8369718
bert_cnn,0.001,768,64,avg,11,0.778073975,201.7050297
bert_cnn,0.001,768,64,avg,12,0.797734089,138.8030183
bert_cnn,0.001,768,64,avg,13,0.799066978,104.3737366
bert_cnn,0.001,768,64,avg,14,0.769076974,99.80602765
bert_cnn,0.001,768,64,avg,15,0.807730756,101.2089648
bert_cnn,0.001,768,64,max,1,0.84805065,75.83484387
bert_cnn,0.001,768,64,max,2,0.818393869,75.00898528
bert_cnn,0.001,768,64,max,3,0.816394535,73.42602634
bert_cnn,0.001,768,64,max,4,0.839053649,73.17600942
bert_cnn,0.001,768,64,max,5,0.829056981,74.32505393
bert_cnn,0.001,768,64,max,6,0.833722093,73.78995132
bert_cnn,0.001,768,64,max,7,0.818727091,75.66746402
bert_cnn,0.001,768,64,max,8,0.786404532,78.3400228
bert_cnn,0.001,768,64,max,9,0.786737754,81.51799035
bert_cnn,0.001,768,64,max,10,0.798067311,83.88603854
bert_cnn,0.001,768,64,max,11,0.814061979,86.53091025
bert_cnn,0.001,768,64,max,12,0.743752083,89.06907296
bert_cnn,0.001,768,64,max,13,0.778407198,92.60398006
bert_cnn,0.001,768,64,max,14,0.792735755,91.38848615
bert_cnn,0.001,768,64,max,15,0.773075641,96.90351605
bert_cnn,0.001,768,128,avg,1,0.829056981,66.06818891
bert_cnn,0.001,768,128,avg,2,0.792402532,65.30301332
bert_cnn,0.001,768,128,avg,3,0.825391536,64.2069838
bert_cnn,0.001,768,128,avg,4,0.798733755,65.07700348
bert_cnn,0.001,768,128,avg,5,0.820726425,64.78004265
bert_cnn,0.001,768,128,avg,6,0.808730423,64.776016
bert_cnn,0.001,768,128,avg,7,0.789403532,64.56098652
bert_cnn,0.001,768,128,avg,8,0.806397867,64.67799473
bert_cnn,0.001,768,128,avg,9,0.792735755,65.573071
bert_cnn,0.001,768,128,avg,10,0.794401866,68.40996122
bert_cnn,0.001,768,128,avg,11,0.790069977,69.40099382
bert_cnn,0.001,768,128,avg,12,0.801066311,70.00403738
bert_cnn,0.001,768,128,avg,13,0.798733755,70.80801105
bert_cnn,0.001,768,128,avg,14,0.765078307,72.92299676
bert_cnn,0.001,768,128,avg,15,0.815061646,73.5819962
bert_cnn,0.001,768,128,max,1,0.84071976,63.82383418
bert_cnn,0.001,768,128,max,2,0.820726425,63.89707661
bert_cnn,0.001,768,128,max,3,0.820726425,64.79793835
bert_cnn,0.001,768,128,max,4,0.806064645,66.46598554
bert_cnn,0.001,768,128,max,5,0.816394535,65.60002279
bert_cnn,0.001,768,128,max,6,0.801399533,64.66500664
bert_cnn,0.001,768,128,max,7,0.808063979,64.73498821
bert_cnn,0.001,768,128,max,8,0.783738754,65.05301881
bert_cnn,0.001,768,128,max,9,0.835721426,64.93700385
bert_cnn,0.001,768,128,max,10,0.804398534,65.2329886
bert_cnn,0.001,768,128,max,11,0.804398534,63.96101785
bert_cnn,0.001,768,128,max,12,0.792402532,64.51297593
bert_cnn,0.001,768,128,max,13,0.813395535,66.78504705
bert_cnn,0.001,768,128,max,14,0.810729757,66.35600066
bert_cnn,0.001,768,128,max,15,0.775074975,65.62501955
bert_cnn,0.001,768,64,avg,1,0.82005998,72.94267893
bert_cnn,0.001,768,64,avg,2,0.831722759,73.26204705
bert_cnn,0.001,768,64,avg,3,0.827057647,73.27300954
bert_cnn,0.001,768,64,avg,4,0.824391869,73.90098548
bert_cnn,0.001,768,64,avg,5,0.7994002,78.66700625
bert_cnn,0.001,768,64,avg,6,0.821392869,82.82801247
bert_cnn,0.001,768,64,avg,7,0.809396868,85.33804989
bert_cnn,0.001,768,64,avg,8,0.800733089,86.0479753
bert_cnn,0.001,768,64,avg,9,0.803065645,87.49897647
bert_cnn,0.001,768,64,avg,10,0.807730756,89.98903847
bert_cnn,0.001,768,64,avg,11,0.803065645,90.51902199
bert_cnn,0.001,768,64,avg,12,0.799066978,93.81999373
bert_cnn,0.001,768,64,avg,13,0.796067977,102.4910035
bert_cnn,0.001,768,64,avg,14,0.800733089,102.8770218
bert_cnn,0.001,768,64,avg,15,0.794068644,109.2825301
bert_cnn,0.001,768,64,max,1,0.762079307,73.30783534
bert_cnn,0.001,768,64,max,2,0.852382539,72.09799576
bert_cnn,0.001,768,64,max,3,0.804065312,72.08602715
bert_cnn,0.001,768,64,max,4,0.827057647,72.50997734
bert_cnn,0.001,768,64,max,5,0.793068977,74.88102984
bert_cnn,0.001,768,64,max,6,0.807397534,74.52302432
bert_cnn,0.001,768,64,max,7,0.812395868,74.42299819
bert_cnn,0.001,768,64,max,8,0.838053982,76.12899804
bert_cnn,0.001,768,64,max,9,0.75374875,78.71901822
bert_cnn,0.001,768,64,max,10,0.821392869,77.76841831
bert_cnn,0.001,768,64,max,11,0.804731756,78.93705964
bert_cnn,0.001,768,64,max,12,0.790736421,81.03590965
bert_cnn,0.001,768,64,max,13,0.812395868,86.04314804
bert_cnn,0.001,768,64,max,14,0.830723092,87.58794618
bert_cnn,0.001,768,64,max,15,0.816727757,91.10704517
bert_cnn,0.001,768,128,avg,1,0.813395535,64.58006215
bert_cnn,0.001,768,128,avg,2,0.799066978,64.28383422
bert_cnn,0.001,768,128,avg,3,0.814728424,63.90872931
bert_cnn,0.001,768,128,avg,4,0.805398201,63.97177291
bert_cnn,0.001,768,128,avg,5,0.819726758,64.38877201
bert_cnn,0.001,768,128,avg,6,0.790736421,66.65676665
bert_cnn,0.001,768,128,avg,7,0.824058647,66.86801124
bert_cnn,0.001,768,128,avg,8,0.790403199,65.50961041
bert_cnn,0.001,768,128,avg,9,0.803398867,66.65274334
bert_cnn,0.001,768,128,avg,10,0.808397201,66.94955134
bert_cnn,0.001,768,128,avg,11,0.793402199,66.71255183
bert_cnn,0.001,768,128,avg,12,0.801066311,66.32764459
bert_cnn,0.001,768,128,avg,13,0.786404532,67.89950562
bert_cnn,0.001,768,128,avg,14,0.802732423,68.48772454
bert_cnn,0.001,768,128,avg,15,0.763412196,71.12352586
bert_cnn,0.001,768,128,max,1,0.847050983,65.98456168
bert_cnn,0.001,768,128,max,2,0.840386538,64.50558853
bert_cnn,0.001,768,128,max,3,0.855714762,65.13055968
bert_cnn,0.001,768,128,max,4,0.828390536,66.07452154
bert_cnn,0.001,768,128,max,5,0.828057314,64.70960546
bert_cnn,0.001,768,128,max,6,0.824391869,64.33156824
bert_cnn,0.001,768,128,max,7,0.811396201,64.36457038
bert_cnn,0.001,768,128,max,8,0.810729757,64.71451354
bert_cnn,0.001,768,128,max,9,0.824391869,66.41804934
bert_cnn,0.001,768,128,max,10,0.801399533,66.68045521
bert_cnn,0.001,768,128,max,11,0.759413529,65.97339439
bert_cnn,0.001,768,128,max,12,0.804065312,65.82145596
bert_cnn,0.001,768,128,max,13,0.805731423,65.9924407
bert_cnn,0.001,768,128,max,14,0.782739087,66.94544888
bert_cnn,0.001,768,128,max,15,0.778073975,66.99039841
bert_cnn,0.0001,768,64,avg,1,0.858047318,71.94630647
bert_cnn,0.0001,768,64,avg,2,0.832055981,72.99244308
bert_cnn,0.0001,768,64,avg,3,0.831722759,74.75651813
bert_cnn,0.0001,768,64,avg,4,0.821059647,73.93946266
bert_cnn,0.0001,768,64,avg,5,0.814061979,72.67954326
bert_cnn,0.0001,768,64,avg,6,0.794735088,72.86342573
bert_cnn,0.0001,768,64,avg,7,0.808397201,72.79447818
bert_cnn,0.0001,768,64,avg,8,0.790736421,71.83849072
bert_cnn,0.0001,768,64,avg,9,0.808397201,71.99534726
bert_cnn,0.0001,768,64,avg,10,0.803065645,71.70934629
bert_cnn,0.0001,768,64,avg,11,0.803065645,74.41585875
bert_cnn,0.0001,768,64,avg,12,0.819726758,74.00985599
bert_cnn,0.0001,768,64,avg,13,0.794068644,72.51132989
bert_cnn,0.0001,768,64,avg,14,0.798400533,73.77432609
bert_cnn,0.0001,768,64,avg,15,0.791069643,73.25837731
bert_cnn,0.0001,768,64,max,1,0.856047984,72.4394989
bert_cnn,0.0001,768,64,max,2,0.836054648,72.0133462
bert_cnn,0.0001,768,64,max,3,0.837387537,71.9292829
bert_cnn,0.0001,768,64,max,4,0.807397534,74.44238472
bert_cnn,0.0001,768,64,max,5,0.831722759,74.524858
bert_cnn,0.0001,768,64,max,6,0.836387871,72.94636369
bert_cnn,0.0001,768,64,max,7,0.831056315,73.97237968
bert_cnn,0.0001,768,64,max,8,0.826057981,73.39633775
bert_cnn,0.0001,768,64,max,9,0.81272909,72.52021265
bert_cnn,0.0001,768,64,max,10,0.816061313,72.26425934
bert_cnn,0.0001,768,64,max,11,0.825724758,71.92428136
bert_cnn,0.0001,768,64,max,12,0.808397201,73.85925341
bert_cnn,0.0001,768,64,max,13,0.818727091,75.31831837
bert_cnn,0.0001,768,64,max,14,0.815394868,72.78722978
bert_cnn,0.0001,768,64,max,15,0.822725758,73.04432034
bert_cnn,0.0001,768,128,avg,1,0.84071976,65.13313413
bert_cnn,0.0001,768,128,avg,2,0.831722759,64.91023612
bert_cnn,0.0001,768,128,avg,3,0.82739087,64.38123322
bert_cnn,0.0001,768,128,avg,4,0.80973009,63.97471952
bert_cnn,0.0001,768,128,avg,5,0.819393535,64.67421961
bert_cnn,0.0001,768,128,avg,6,0.795068311,66.30627418
bert_cnn,0.0001,768,128,avg,7,0.790736421,66.50926542
bert_cnn,0.0001,768,128,avg,8,0.765078307,64.90321302
bert_cnn,0.0001,768,128,avg,9,0.78607131,64.73515272
bert_cnn,0.0001,768,128,avg,10,0.794735088,64.9761622
bert_cnn,0.0001,768,128,avg,11,0.801732756,65.15818644
bert_cnn,0.0001,768,128,avg,12,0.779073642,64.25117731
bert_cnn,0.0001,768,128,avg,13,0.798400533,63.7426815
bert_cnn,0.0001,768,128,avg,14,0.790403199,65.03717494
bert_cnn,0.0001,768,128,avg,15,0.795401533,65.40416265
bert_cnn,0.0001,768,128,max,1,0.847384205,66.65360141
bert_cnn,0.0001,768,128,max,2,0.853382206,65.88310719
bert_cnn,0.0001,768,128,max,3,0.853048984,65.8647294
bert_cnn,0.0001,768,128,max,4,0.839386871,65.02219129
bert_cnn,0.0001,768,128,max,5,0.838053982,64.8171308
bert_cnn,0.0001,768,128,max,6,0.834388537,65.17363882
bert_cnn,0.0001,768,128,max,7,0.818727091,64.64220786
bert_cnn,0.0001,768,128,max,8,0.811729424,64.33717036
bert_cnn,0.0001,768,128,max,9,0.814728424,65.38213873
bert_cnn,0.0001,768,128,max,10,0.801399533,66.5631566
bert_cnn,0.0001,768,128,max,11,0.813062313,65.69612908
bert_cnn,0.0001,768,128,max,12,0.822059314,65.1401639
bert_cnn,0.0001,768,128,max,13,0.815394868,65.44413352
bert_cnn,0.0001,768,128,max,14,0.812395868,65.23618698
bert_cnn,0.0001,768,128,max,15,0.797400866,65.13916588
bert_cnn,0.0001,768,64,avg,1,0.844385205,72.51806664
bert_cnn,0.0001,768,64,avg,2,0.836721093,72.33508611
bert_cnn,0.0001,768,64,avg,3,0.819726758,73.57217479
bert_cnn,0.0001,768,64,avg,4,0.816394535,74.52319837
bert_cnn,0.0001,768,64,avg,5,0.81272909,72.92715597
bert_cnn,0.0001,768,64,avg,6,0.823725425,73.25413847
bert_cnn,0.0001,768,64,avg,7,0.78173942,73.40817714
bert_cnn,0.0001,768,64,avg,8,0.7994002,72.97619748
bert_cnn,0.0001,768,64,avg,9,0.807064312,72.0331068
bert_cnn,0.0001,768,64,avg,10,0.818727091,71.75311685
bert_cnn,0.0001,768,64,avg,11,0.799066978,73.02811313
bert_cnn,0.0001,768,64,avg,12,0.816727757,75.4091382
bert_cnn,0.0001,768,64,avg,13,0.795734755,73.57910323
bert_cnn,0.0001,768,64,avg,14,0.807397534,72.78614163
bert_cnn,0.0001,768,64,avg,15,0.806064645,72.77813363
bert_cnn,0.0001,768,64,max,1,0.847717428,73.37478685
bert_cnn,0.0001,768,64,max,2,0.834721759,72.63413644
bert_cnn,0.0001,768,64,max,3,0.834055315,71.84215379
bert_cnn,0.0001,768,64,max,4,0.81272909,72.45010877
bert_cnn,0.0001,768,64,max,5,0.81706098,75.14111042
bert_cnn,0.0001,768,64,max,6,0.825724758,75.88460898
bert_cnn,0.0001,768,64,max,7,0.805398201,73.25513697
bert_cnn,0.0001,768,64,max,8,0.802065978,73.57812548
bert_cnn,0.0001,768,64,max,9,0.80973009,73.27910089
bert_cnn,0.0001,768,64,max,10,0.822392536,72.29807138
bert_cnn,0.0001,768,64,max,11,0.829390203,72.65210032
bert_cnn,0.0001,768,64,max,12,0.828057314,72.14310503
bert_cnn,0.0001,768,64,max,13,0.819726758,74.92013717
bert_cnn,0.0001,768,64,max,14,0.825391536,74.60013032
bert_cnn,0.0001,768,64,max,15,0.825058314,80.10306478
bert_cnn,0.0001,768,128,avg,1,0.818393869,65.04106045
bert_cnn,0.0001,768,128,avg,2,0.833055648,65.11699915
bert_cnn,0.0001,768,128,avg,3,0.785738087,64.53409934
bert_cnn,0.0001,768,128,avg,4,0.821726091,63.9340961
bert_cnn,0.0001,768,128,avg,5,0.800066644,64.11809754
bert_cnn,0.0001,768,128,avg,6,0.799733422,65.09406734
bert_cnn,0.0001,768,128,avg,7,0.812062646,66.05109811
bert_cnn,0.0001,768,128,avg,8,0.791069643,66.03551292
bert_cnn,0.0001,768,128,avg,9,0.781406198,64.78313828
bert_cnn,0.0001,768,128,avg,10,0.787737421,65.00157809
bert_cnn,0.0001,768,128,avg,11,0.777407531,64.90107727
bert_cnn,0.0001,768,128,avg,12,0.794068644,64.98506451
bert_cnn,0.0001,768,128,avg,13,0.792735755,64.30109239
bert_cnn,0.0001,768,128,avg,14,0.798733755,63.94007254
bert_cnn,0.0001,768,128,avg,15,0.811729424,64.20010424
bert_cnn,0.0001,768,128,max,1,0.840053316,67.86916614
bert_cnn,0.0001,768,128,max,2,0.840386538,66.70712662
bert_cnn,0.0001,768,128,max,3,0.827057647,65.0371902
bert_cnn,0.0001,768,128,max,4,0.840053316,65.82590199
bert_cnn,0.0001,768,128,max,5,0.819393535,65.70311379
bert_cnn,0.0001,768,128,max,6,0.821726091,65.4410708
bert_cnn,0.0001,768,128,max,7,0.810063312,64.14304948
bert_cnn,0.0001,768,128,max,8,0.817394202,64.22106719
bert_cnn,0.0001,768,128,max,9,0.783072309,64.17805719
bert_cnn,0.0001,768,128,max,10,0.818060646,66.47707605
bert_cnn,0.0001,768,128,max,11,0.806397867,67.08206606
bert_cnn,0.0001,768,128,max,12,0.810396534,65.05807757
bert_cnn,0.0001,768,128,max,13,0.815394868,65.83807325
bert_cnn,0.0001,768,128,max,14,0.814728424,65.91611218
bert_cnn,0.0001,768,128,max,15,0.814728424,65.8340528
bert_cnn,1.00E-05,768,64,avg,1,0.803732089,72.51325917
bert_cnn,1.00E-05,768,64,avg,2,0.827057647,72.5280149
bert_cnn,1.00E-05,768,64,avg,3,0.833722093,72.35014272
bert_cnn,1.00E-05,768,64,avg,4,0.844718427,74.91504979
bert_cnn,1.00E-05,768,64,avg,5,0.851716095,74.4660821
bert_cnn,1.00E-05,768,64,avg,6,0.849050317,72.82008338
bert_cnn,1.00E-05,768,64,avg,7,0.843052316,74.08605695
bert_cnn,1.00E-05,768,64,avg,8,0.829723426,73.43807459
bert_cnn,1.00E-05,768,64,avg,9,0.820726425,72.32418966
bert_cnn,1.00E-05,768,64,avg,10,0.826391203,72.2049799
bert_cnn,1.00E-05,768,64,avg,11,0.842719094,71.93907595
bert_cnn,1.00E-05,768,64,avg,12,0.816727757,74.8980031
bert_cnn,1.00E-05,768,64,avg,13,0.829390203,75.11710382
bert_cnn,1.00E-05,768,64,avg,14,0.828723759,73.09004283
bert_cnn,1.00E-05,768,64,avg,15,0.818060646,72.94714165
bert_cnn,1.00E-05,768,64,max,1,0.815394868,73.75354338
bert_cnn,1.00E-05,768,64,max,2,0.840053316,73.06656003
bert_cnn,1.00E-05,768,64,max,3,0.856714429,73.21706343
bert_cnn,1.00E-05,768,64,max,4,0.856047984,72.43805766
bert_cnn,1.00E-05,768,64,max,5,0.858047318,75.49206138
bert_cnn,1.00E-05,768,64,max,6,0.86137954,75.00008368
bert_cnn,1.00E-05,768,64,max,7,0.858047318,74.52197719
bert_cnn,1.00E-05,768,64,max,8,0.855714762,73.36164284
bert_cnn,1.00E-05,768,64,max,9,0.849716761,73.40904975
bert_cnn,1.00E-05,768,64,max,10,0.846384538,73.81405902
bert_cnn,1.00E-05,768,64,max,11,0.845384872,72.54305959
bert_cnn,1.00E-05,768,64,max,12,0.843052316,73.48350501
bert_cnn,1.00E-05,768,64,max,13,0.84071976,74.83910012
bert_cnn,1.00E-05,768,64,max,14,0.832055981,75.31107736
bert_cnn,1.00E-05,768,64,max,15,0.835721426,73.3201344
bert_cnn,1.00E-05,768,128,avg,1,0.773075641,65.42346573
bert_cnn,1.00E-05,768,128,avg,2,0.826057981,65.32006407
bert_cnn,1.00E-05,768,128,avg,3,0.835721426,65.6210258
bert_cnn,1.00E-05,768,128,avg,4,0.84071976,64.41409516
bert_cnn,1.00E-05,768,128,avg,5,0.848383872,64.09904385
bert_cnn,1.00E-05,768,128,avg,6,0.84805065,64.31504679
bert_cnn,1.00E-05,768,128,avg,7,0.843385538,66.24604845
bert_cnn,1.00E-05,768,128,avg,8,0.846717761,67.85608006
bert_cnn,1.00E-05,768,128,avg,9,0.834055315,65.2571075
bert_cnn,1.00E-05,768,128,avg,10,0.834055315,65.20099521
bert_cnn,1.00E-05,768,128,avg,11,0.840053316,65.52600336
bert_cnn,1.00E-05,768,128,avg,12,0.840053316,65.03313422
bert_cnn,1.00E-05,768,128,avg,13,0.842385871,64.91503644
bert_cnn,1.00E-05,768,128,avg,14,0.822725758,65.73407388
bert_cnn,1.00E-05,768,128,avg,15,0.838053982,64.37704778
bert_cnn,1.00E-05,768,128,max,1,0.806064645,66.11242342
bert_cnn,1.00E-05,768,128,max,2,0.834721759,67.30858088
bert_cnn,1.00E-05,768,128,max,3,0.851716095,65.96554637
bert_cnn,1.00E-05,768,128,max,4,0.851716095,65.86604524
bert_cnn,1.00E-05,768,128,max,5,0.858713762,65.811059
bert_cnn,1.00E-05,768,128,max,6,0.866044652,65.66008759
bert_cnn,1.00E-05,768,128,max,7,0.85404865,65.20802832
bert_cnn,1.00E-05,768,128,max,8,0.85838054,64.48504829
bert_cnn,1.00E-05,768,128,max,9,0.866044652,67.47001982
bert_cnn,1.00E-05,768,128,max,10,0.854381873,73.06003737
bert_cnn,1.00E-05,768,128,max,11,0.856047984,79.11610651
bert_cnn,1.00E-05,768,128,max,12,0.853048984,78.28249073
bert_cnn,1.00E-05,768,128,max,13,0.839386871,74.58904886
bert_cnn,1.00E-05,768,128,max,14,0.847384205,91.49701333
bert_cnn,1.00E-05,768,128,max,15,0.844051983,92.23405075
bert_cnn,1.00E-05,768,64,avg,1,0.7964012,118.6403296
bert_cnn,1.00E-05,768,64,avg,2,0.828723759,140.4622755
bert_cnn,1.00E-05,768,64,avg,3,0.846384538,122.6840284
bert_cnn,1.00E-05,768,64,avg,4,0.846717761,116.4245515
bert_cnn,1.00E-05,768,64,avg,5,0.851716095,96.03022909
bert_cnn,1.00E-05,768,64,avg,6,0.851382872,101.5077498
bert_cnn,1.00E-05,768,64,avg,7,0.843052316,89.667732
bert_cnn,1.00E-05,768,64,avg,8,0.846717761,103.3135109
bert_cnn,1.00E-05,768,64,avg,9,0.83338887,104.0199554
bert_cnn,1.00E-05,768,64,avg,10,0.826724425,108.6497133
bert_cnn,1.00E-05,768,64,avg,11,0.829723426,109.2020199
bert_cnn,1.00E-05,768,64,avg,12,0.833722093,114.7746334
bert_cnn,1.00E-05,768,64,avg,13,0.819726758,122.8816094
bert_cnn,1.00E-05,768,64,avg,14,0.822392536,110.8123353
bert_cnn,1.00E-05,768,64,avg,15,0.813062313,105.9768074
bert_cnn,1.00E-05,768,64,max,1,0.82305898,109.0264699
bert_cnn,1.00E-05,768,64,max,2,0.838387204,111.9563015
bert_cnn,1.00E-05,768,64,max,3,0.852715761,110.2687881
bert_cnn,1.00E-05,768,64,max,4,0.852715761,109.2200191
bert_cnn,1.00E-05,768,64,max,5,0.852715761,108.4419334
bert_cnn,1.00E-05,768,64,max,6,0.854715095,105.8163517
bert_cnn,1.00E-05,768,64,max,7,0.853715428,104.728826
bert_cnn,1.00E-05,768,64,max,8,0.841386205,107.253962
bert_cnn,1.00E-05,768,64,max,9,0.841719427,108.0149298
bert_cnn,1.00E-05,768,64,max,10,0.828390536,104.6353617
bert_cnn,1.00E-05,768,64,max,11,0.845051649,99.66782498
bert_cnn,1.00E-05,768,64,max,12,0.839053649,90.46029735
bert_cnn,1.00E-05,768,64,max,13,0.839720093,98.61975718
bert_cnn,1.00E-05,768,64,max,14,0.833722093,104.3898189
bert_cnn,1.00E-05,768,64,max,15,0.830723092,109.5123911
bert_cnn,1.00E-05,768,128,avg,1,0.774741753,96.48678327
bert_cnn,1.00E-05,768,128,avg,2,0.805398201,89.32321215
bert_cnn,1.00E-05,768,128,avg,3,0.832055981,91.13945532
bert_cnn,1.00E-05,768,128,avg,4,0.835721426,101.8217051
bert_cnn,1.00E-05,768,128,avg,5,0.841052982,84.59103751
bert_cnn,1.00E-05,768,128,avg,6,0.845051649,90.94716239
bert_cnn,1.00E-05,768,128,avg,7,0.84371876,81.64893746
bert_cnn,1.00E-05,768,128,avg,8,0.832722426,84.01692176
bert_cnn,1.00E-05,768,128,avg,9,0.825724758,83.66767192
bert_cnn,1.00E-05,768,128,avg,10,0.837387537,87.2166636
bert_cnn,1.00E-05,768,128,avg,11,0.836387871,83.66998625
bert_cnn,1.00E-05,768,128,avg,12,0.835388204,95.45325971
bert_cnn,1.00E-05,768,128,avg,13,0.828057314,98.2171917
bert_cnn,1.00E-05,768,128,avg,14,0.824058647,98.45248604
bert_cnn,1.00E-05,768,128,avg,15,0.823725425,103.5989232
bert_cnn,1.00E-05,768,128,max,1,0.803398867,97.92825294
bert_cnn,1.00E-05,768,128,max,2,0.829056981,98.38510275
bert_cnn,1.00E-05,768,128,max,3,0.842052649,103.488889
bert_cnn,1.00E-05,768,128,max,4,0.854715095,104.9854786
bert_cnn,1.00E-05,768,128,max,5,0.851716095,99.95852709
bert_cnn,1.00E-05,768,128,max,6,0.861046318,100.0838339
bert_cnn,1.00E-05,768,128,max,7,0.860046651,100.7840488
bert_cnn,1.00E-05,768,128,max,8,0.856047984,99.22577381
bert_cnn,1.00E-05,768,128,max,9,0.859046984,104.7769091
bert_cnn,1.00E-05,768,128,max,10,0.857047651,97.82820988
bert_cnn,1.00E-05,768,128,max,11,0.860379873,96.69917822
bert_cnn,1.00E-05,768,128,max,12,0.844051983,104.9797556
bert_cnn,1.00E-05,768,128,max,13,0.844385205,106.7447348
bert_cnn,1.00E-05,768,128,max,14,0.85104965,107.138324
bert_cnn,1.00E-05,768,128,max,15,0.847717428,109.5033257
